filename,class,x_start,y_start,x_finish,y_finish
screen_768x768_158.png.txt,parkinglot,,,,
screen_768x768_6.png.txt,parkinglot,,,,
screen_768x768_148.png.txt,parkinglot,,,,
screen_768x768_287.png.txt,parkinglot,,,,
screen_768x768_297.png.txt,parkinglot,,,,
screen_768x768_183.png.txt,parkinglot,,,,
screen_768x768_193.png.txt,parkinglot,,,,
screen_768x768_324.png,parkinglot,477.7744,376.4592,509.9408,336.2588
screen_768x768_324.png,parkinglot,436.0056,365.2323,467.0543,326.8404
screen_768x768_324.png,parkinglot,540.8773,388.4909,575.4859,358.12800000000004
screen_768x768_324.png,parkinglot,712.4872,475.7526,755.1412,449.8276
screen_768x768_324.png,parkinglot,646.7291,442.0775,688.1752,414.1539
screen_768x768_324.png,parkinglot,499.7393,379.5692,531.3737,342.01599999999996
screen_768x768_324.png,parkinglot,520.6176,383.084,553.8817,348.0424
screen_768x768_324.png,parkinglot,691.0529,464.3764,732.4959,437.7631
screen_768x768_324.png,parkinglot,455.9467,370.57599999999996,486.2654,331.9906
screen_768x768_324.png,parkinglot,668.5313,452.3878,710.3754,425.9618
screen_768x768_334.png,parkinglot,37.97569,475.7526,80.21592,449.8276
screen_768x768_334.png,parkinglot,61.94039,487.1899,102.2203,460.2014
screen_768x768_334.png,parkinglot,83.53291999999999,498.6212,125.8378,471.378
screen_768x768_334.png,parkinglot,16.35967,464.3764,57.37781999999999,437.7631
screen_768x768_334.png,parkinglot,105.7224,510.382,145.1752,481.6335
screen_768x768_167.png,parkinglot,676.7646,263.1172,663.9908,310.7303
screen_768x768_167.png,parkinglot,462.6842,64.35339999999997,476.6638,15.448099999999954
screen_768x768_167.png,parkinglot,391.4097,81.54290000000003,403.3969,31.510899999999992
screen_768x768_167.png,parkinglot,590.0444,283.5652,576.8098,331.3758
screen_768x768_167.png,parkinglot,437.5824,70.10760000000005,452.4843,21.21550000000002
screen_768x768_167.png,parkinglot,610.3771,277.9991,598.1234,326.301
screen_768x768_167.png,parkinglot,510.6617,53.38850000000002,528.4456,4.458300000000008
screen_768x768_167.png,parkinglot,742.0989,246.9253,730.1772,295.1483
screen_768x768_167.png,parkinglot,486.4316,58.94010000000003,501.8717,9.473100000000045
screen_768x768_167.png,parkinglot,761.7405,241.57410000000004,750.5782,290.3359
screen_768x768_167.png,parkinglot,587.9671,61.47569999999996,635.8549,48.658300000000054
screen_768x768_167.png,parkinglot,654.235,269.2328,642.7295,315.7411
screen_768x768_167.png,parkinglot,698.3475,258.3557,687.2895,305.244
screen_768x768_167.png,parkinglot,532.1063,48.52110000000005,559.7654,6.244500000000016
screen_768x768_167.png,parkinglot,633.6882,273.583,619.4424,321.2248
screen_768x768_167.png,parkinglot,720.8267,252.70979999999997,706.8677,300.6371
screen_768x768_167.png,parkinglot,414.3912,75.38100000000009,427.2909,26.50109999999995
screen_768x768_167.png,parkinglot,570.1766,54.896600000000035,615.0699,30.00109999999995
screen_768x768_167.png,parkinglot,545.2836,295.2989,532.9806,341.7248
screen_768x768_167.png,parkinglot,522.2125,300.3831,511.6826,346.7282
screen_768x768_167.png,parkinglot,566.6786,289.4673,556.2452,336.2465
screen_768x768_167.png,parkinglot,550.9482,49.275300000000016,587.6479,14.2808
screen_768x768_177.png,parkinglot,65.03533,246.9253,53.78545,295.1483
screen_768x768_177.png,parkinglot,84.49475,241.57410000000004,74.10983,290.3359
screen_768x768_177.png,parkinglot,21.60352,258.3557,11.05865,305.244
screen_768x768_177.png,parkinglot,43.92412,252.70979999999997,30.563440000000003,300.6371
screen_768x768_201.png.txt,parkinglot,,,,
screen_768x768_211.png.txt,parkinglot,,,,
screen_768x768_33.png.txt,parkinglot,,,,
screen_768x768_23.png.txt,parkinglot,,,,
screen_768x768_51.png.txt,parkinglot,,,,
screen_768x768_41.png.txt,parkinglot,,,,
screen_768x768_263.png.txt,parkinglot,,,,
screen_768x768_273.png,parkinglot,611.6128,631.8405,643.7112,592.1237
screen_768x768_273.png,parkinglot,570.1312,620.7487,601.1132,582.8188
screen_768x768_273.png,parkinglot,674.2974,643.7275,708.7922,613.7298000000001
screen_768x768_273.png,parkinglot,633.4353,634.9131,664.9967,597.8117
screen_768x768_273.png,parkinglot,654.1768,638.3857,687.35,603.7656
screen_768x768_273.png,parkinglot,589.9352,626.028,620.1923,587.9069
screen_768x768_105.png.txt,parkinglot,,,,
screen_768x768_115.png,parkinglot,664.9907,323.1201,679.1158,274.8067
screen_768x768_115.png,parkinglot,594.0673,340.1017,606.2181,290.6749
screen_768x768_115.png,parkinglot,640.0139,328.8047,655.056,280.5043
screen_768x768_115.png,parkinglot,712.7288,312.2878,730.6348,263.9499
screen_768x768_115.png,parkinglot,688.6195,317.7723,704.1989,268.9041
screen_768x768_115.png,parkinglot,734.0661,307.4793,761.7561,265.7145
screen_768x768_115.png,parkinglot,616.9386,334.0143,629.9906,285.7258
screen_768x768_115.png,parkinglot,745.7925,551.0110999999999,733.5558,597.1474000000001
screen_768x768_115.png,parkinglot,722.8163,556.0085,712.3627,602.0907
screen_768x768_115.png,parkinglot,767.1062,545.2754,756.7059,591.7349
screen_768x768_123.png,parkinglot,338.7397,519.3713,326.2695,566.5255
screen_768x768_123.png,parkinglot,124.2341,323.1201,137.7431,274.8067
screen_768x768_123.png,parkinglot,53.52734,340.1017,65.04781,290.6749
screen_768x768_123.png,parkinglot,252.8405,539.47,239.7774,586.9227
screen_768x768_123.png,parkinglot,99.32986,328.8047,113.7559,280.5043
screen_768x768_123.png,parkinglot,272.9726,533.9967,260.9225,581.9089
screen_768x768_123.png,parkinglot,171.834,312.2878,189.1237,263.9499
screen_768x768_123.png,parkinglot,403.4489,503.4519,391.9332,551.131
screen_768x768_123.png,parkinglot,147.7947,317.7723,162.7507,268.9041
screen_768x768_123.png,parkinglot,422.8813,498.2016,412.173,546.3764
screen_768x768_123.png,parkinglot,248.7343,320.2772,296.2302,307.6149
screen_768x768_123.png,parkinglot,316.4285,525.3875,305.176,571.4762000000001
screen_768x768_123.png,parkinglot,360.1205,514.693,349.3842,561.1052999999999
screen_768x768_123.png,parkinglot,193.1101,307.4793,220.2673,265.7145
screen_768x768_123.png,parkinglot,296.0741,529.6595,282.0728,576.8938
screen_768x768_123.png,parkinglot,382.3852,509.1408,368.8078,556.5536999999999
screen_768x768_123.png,parkinglot,76.32101,334.0143,88.75719000000001,285.7258
screen_768x768_123.png,parkinglot,230.9998,313.7776,275.4238,289.1835
screen_768x768_123.png,parkinglot,208.51,551.0110999999999,196.2942,597.1474000000001
screen_768x768_123.png,parkinglot,185.6521,556.0085,175.16400000000002,602.0907
screen_768x768_123.png,parkinglot,229.6962,545.2754,219.3753,591.7349
screen_768x768_123.png,parkinglot,211.8437,308.2244,248.0441,273.6535
screen_768x768_133.png.txt,parkinglot,,,,
screen_768x768_77.png,parkinglot,47.97546,575.9575,95.12526,563.4474
screen_768x768_77.png,parkinglot,30.31734,569.536,74.35757,545.2378
screen_768x768_77.png,parkinglot,11.250639999999999,564.0496,47.070029999999996,529.8946
screen_768x768_67.png,parkinglot,596.1094,578.7662,610.0714,531.034
screen_768x768_67.png,parkinglot,525.6409,595.5437,537.6391,546.7112
screen_768x768_67.png,parkinglot,571.2925,584.3824999999999,586.1659,536.663
screen_768x768_67.png,parkinglot,643.5421,568.0642,661.2617,520.3079
screen_768x768_67.png,parkinglot,619.5872,573.4828,634.9933,525.2024
screen_768x768_67.png,parkinglot,719.8903,575.9575,767.2396,563.4474
screen_768x768_67.png,parkinglot,664.743,563.3135,692.1979,522.0513
screen_768x768_67.png,parkinglot,548.3645,589.5294,561.2602,541.8217
screen_768x768_67.png,parkinglot,702.3345,569.536,746.7622,545.2378
screen_768x768_67.png,parkinglot,683.3553,564.0496,719.7192,529.8946
screen_768x768_245.png.txt,parkinglot,,,,
screen_768x768_255.png.txt,parkinglot,,,,
screen_768x768_227.png.txt,parkinglot,,,,
screen_768x768_237.png.txt,parkinglot,,,,
screen_768x768_15.png.txt,parkinglot,,,,
screen_768x768_141.png.txt,parkinglot,,,,
screen_768x768_151.png.txt,parkinglot,,,,
screen_768x768_48.png.txt,parkinglot,,,,
screen_768x768_58.png.txt,parkinglot,,,,
screen_768x768_302.png.txt,parkinglot,,,,
screen_768x768_312.png.txt,parkinglot,,,,
screen_768x768_93.png.txt,parkinglot,,,,
screen_768x768_83.png.txt,parkinglot,,,,
screen_768x768_218.png,parkinglot,542.4066,3.732099999999946,529.6461,51.81179999999995
screen_768x768_218.png,parkinglot,455.2771,24.536399999999958,441.9987,72.71000000000004
screen_768x768_218.png,parkinglot,475.7024,18.87570000000005,463.4263,67.57309999999995
screen_768x768_218.png,parkinglot,519.7726,9.949100000000044,508.2708,56.8839999999999
screen_768x768_218.png,parkinglot,499.1279,14.379099999999994,484.8592,62.434799999999996
screen_768x768_218.png,parkinglot,410.3081,36.46640000000002,397.9354,83.18579999999997
screen_768x768_218.png,parkinglot,387.1264,41.63940000000002,376.5235,88.25040000000001
screen_768x768_218.png,parkinglot,431.8013,30.53710000000001,421.3243,77.6404
screen_768x768_208.png.txt,parkinglot,,,,
screen_768x768_132.png.txt,parkinglot,,,,
screen_768x768_122.png,parkinglot,405.9913,519.3713,393.4762,566.5255
screen_768x768_122.png,parkinglot,191.8287,323.1201,205.4148,274.8067
screen_768x768_122.png,parkinglot,121.0949,340.1017,132.6942,290.6749
screen_768x768_122.png,parkinglot,320.0329,539.47,306.9515,586.9227
screen_768x768_122.png,parkinglot,166.9154,328.8047,181.4184,280.5043
screen_768x768_122.png,parkinglot,340.1805,533.9967,328.1046,581.9089
screen_768x768_122.png,parkinglot,239.4459,312.2878,256.8126,263.9499
screen_768x768_122.png,parkinglot,470.7465,503.4519,459.1643,551.131
screen_768x768_122.png,parkinglot,215.3979,317.7723,230.4318,268.9041
screen_768x768_122.png,parkinglot,490.1968,498.2016,479.4117,546.3764
screen_768x768_122.png,parkinglot,316.3334,320.2772,363.8495,307.6149
screen_768x768_122.png,parkinglot,383.6638,525.3875,372.3747,571.4762000000001
screen_768x768_122.png,parkinglot,427.3865,514.693,416.5994,561.1052999999999
screen_768x768_122.png,parkinglot,260.7297,307.4793,287.9535,265.7145
screen_768x768_122.png,parkinglot,363.2958,529.6595,349.2628,576.8938
screen_768x768_122.png,parkinglot,449.6667,509.1408,436.0302,556.5536999999999
screen_768x768_122.png,parkinglot,143.8983,334.0143,156.4114,285.7258
screen_768x768_122.png,parkinglot,298.6093,313.7776,343.0725,289.1835
screen_768x768_122.png,parkinglot,275.6704,551.0110999999999,263.452,597.1474000000001
screen_768x768_122.png,parkinglot,252.7977,556.0085,242.3139,602.0907
screen_768x768_122.png,parkinglot,296.8724,545.2754,286.5417,591.7349
screen_768x768_122.png,parkinglot,279.462,308.2244,315.7176,273.6535
screen_768x768_254.png.txt,parkinglot,,,,
screen_768x768_244.png.txt,parkinglot,,,,
screen_768x768_66.png,parkinglot,663.2965,578.7662,677.3345,531.034
screen_768x768_66.png,parkinglot,592.8012,595.5437,604.8773,546.7112
screen_768x768_66.png,parkinglot,638.4706,584.3824999999999,653.4201,536.663
screen_768x768_66.png,parkinglot,710.7462,568.0642,728.5419999999999,520.3079
screen_768x768_66.png,parkinglot,686.7827,573.4828,702.2657,525.2024
screen_768x768_66.png,parkinglot,731.9547,563.3135,759.4755,522.0513
screen_768x768_66.png,parkinglot,615.5345,589.5294,628.5062,541.8217
screen_768x768_76.png,parkinglot,38.70547,568.0642,55.739959999999996,520.3079
screen_768x768_76.png,parkinglot,14.828220000000002,573.4828,29.541690000000003,525.2024
screen_768x768_76.png,parkinglot,115.167,575.9575,162.3368,563.4474
screen_768x768_76.png,parkinglot,59.83825,563.3135,86.70108,522.0513
screen_768x768_76.png,parkinglot,97.51913,569.536,141.5981,545.2378
screen_768x768_76.png,parkinglot,78.46117,564.0496,114.335,529.8946
screen_768x768_14.png.txt,parkinglot,,,,
screen_768x768_236.png.txt,parkinglot,,,,
screen_768x768_226.png.txt,parkinglot,,,,
screen_768x768_150.png.txt,parkinglot,,,,
screen_768x768_140.png.txt,parkinglot,,,,
screen_768x768_313.png.txt,parkinglot,,,,
screen_768x768_303.png.txt,parkinglot,,,,
screen_768x768_59.png.txt,parkinglot,,,,
screen_768x768_49.png.txt,parkinglot,,,,
screen_768x768_209.png.txt,parkinglot,,,,
screen_768x768_219.png,parkinglot,474.3333,3.732099999999946,461.6189,51.81179999999995
screen_768x768_219.png,parkinglot,387.2645,24.536399999999958,374.0049,72.71000000000004
screen_768x768_219.png,parkinglot,407.6738,18.87570000000005,395.4242,67.57309999999995
screen_768x768_219.png,parkinglot,451.7161,9.949100000000044,440.2517,56.8839999999999
screen_768x768_219.png,parkinglot,431.0853,14.379099999999994,416.8489,62.434799999999996
screen_768x768_219.png,parkinglot,342.3283,36.46640000000002,329.9582,83.18579999999997
screen_768x768_219.png,parkinglot,319.1617,41.63940000000002,308.5544,88.25040000000001
screen_768x768_219.png,parkinglot,363.8052,30.53710000000001,353.3383,77.6404
screen_768x768_82.png.txt,parkinglot,,,,
screen_768x768_92.png.txt,parkinglot,,,,
screen_768x768_296.png.txt,parkinglot,,,,
screen_768x768_286.png,parkinglot,18.33067,752.53551,60.33911,725.61909
screen_768x768_286.png,parkinglot,40.404740000000004,764.155312,79.57603,735.75163
screen_768x768_149.png.txt,parkinglot,,,,
screen_768x768_7.png.txt,parkinglot,,,,
screen_768x768_159.png.txt,parkinglot,,,,
screen_768x768_335.png,parkinglot,16.11834,498.6212,58.3797,471.378
screen_768x768_335.png,parkinglot,38.32654,510.382,77.73351,481.6335
screen_768x768_325.png,parkinglot,410.1648,376.4592,442.267,336.2588
screen_768x768_325.png,parkinglot,368.37800000000004,365.2323,399.3654,326.8404
screen_768x768_325.png,parkinglot,473.2869,388.4909,507.847,358.12800000000004
screen_768x768_325.png,parkinglot,645.0361,475.7526,687.6487,449.8276
screen_768x768_325.png,parkinglot,668.8364,487.1899,709.5042,460.2014
screen_768x768_325.png,parkinglot,579.2243,442.0775,620.6257,414.1539
screen_768x768_325.png,parkinglot,690.2647,498.6212,732.9609,471.378
screen_768x768_325.png,parkinglot,432.1346,379.5692,463.709,342.01599999999996
screen_768x768_325.png,parkinglot,453.0186,383.084,486.2267,348.0424
screen_768x768_325.png,parkinglot,623.5835,464.3764,664.9841,437.7631
screen_768x768_325.png,parkinglot,388.3276,370.57599999999996,418.5848,331.9906
screen_768x768_325.png,parkinglot,601.0428,452.3878,642.8447,425.9618
screen_768x768_325.png,parkinglot,712.2852,510.382,752.1511,481.6335
screen_768x768_192.png.txt,parkinglot,,,,
screen_768x768_182.png.txt,parkinglot,,,,
screen_768x768_176.png,parkinglot,67.82513,263.1172,55.46201,310.7303
screen_768x768_176.png,parkinglot,132.7418,246.9253,121.4247,295.1483
screen_768x768_176.png,parkinglot,152.2194,241.57410000000004,141.7567,290.3359
screen_768x768_176.png,parkinglot,45.44511,269.2328,34.27247,315.7411
screen_768x768_176.png,parkinglot,89.27799,258.3557,78.68179,305.244
screen_768x768_176.png,parkinglot,25.022370000000002,273.583,11.06413,321.2248
screen_768x768_176.png,parkinglot,111.6144,252.70979999999997,98.19391999999999,300.6371
screen_768x768_166.png,parkinglot,744.4246,263.1172,731.6053,310.7303
screen_768x768_166.png,parkinglot,530.6914,64.35339999999997,544.7489,15.448099999999954
screen_768x768_166.png,parkinglot,459.3895,81.54290000000003,471.4564,31.510899999999992
screen_768x768_166.png,parkinglot,657.6444,283.5652,644.3912,331.3758
screen_768x768_166.png,parkinglot,505.5804,70.10760000000005,520.5602,21.21550000000002
screen_768x768_166.png,parkinglot,677.9929,277.9991,665.7130000000001,326.301
screen_768x768_166.png,parkinglot,578.6863,53.38850000000002,596.5482,4.458300000000008
screen_768x768_166.png,parkinglot,554.4474,58.94010000000003,569.9664,9.473100000000045
screen_768x768_166.png,parkinglot,655.9789,61.47569999999996,703.8871,48.658300000000054
screen_768x768_166.png,parkinglot,721.8784,269.2328,710.3359,315.7411
screen_768x768_166.png,parkinglot,766.0219999999999,258.3557,754.9126,305.244
screen_768x768_166.png,parkinglot,600.1387,48.52110000000005,627.8652,6.244500000000016
screen_768x768_166.png,parkinglot,701.3179,273.583,687.0401,321.2248
screen_768x768_166.png,parkinglot,482.3808,75.38100000000009,495.3584,26.50109999999995
screen_768x768_166.png,parkinglot,638.1989,54.896600000000035,683.1319,30.00109999999995
screen_768x768_166.png,parkinglot,612.8513,295.2989,600.5455,341.7248
screen_768x768_166.png,parkinglot,589.7653,300.3831,579.2396,346.7282
screen_768x768_166.png,parkinglot,634.2624,289.4673,623.8189,336.2465
screen_768x768_166.png,parkinglot,618.9794,49.275300000000016,655.735,14.2808
screen_768x768_22.png.txt,parkinglot,,,,
screen_768x768_32.png.txt,parkinglot,,,,
screen_768x768_210.png.txt,parkinglot,,,,
screen_768x768_200.png.txt,parkinglot,,,,
screen_768x768_272.png,parkinglot,678.8148,631.8405,710.9766,592.1237
screen_768x768_272.png,parkinglot,637.3509,620.7487,668.3934,582.8188
screen_768x768_272.png,parkinglot,700.6324,634.9131,732.2529,597.8117
screen_768x768_272.png,parkinglot,721.3683,638.3857,754.5968,603.7656
screen_768x768_272.png,parkinglot,657.1464,626.028,687.4644,587.9069
screen_768x768_262.png.txt,parkinglot,,,,
screen_768x768_40.png.txt,parkinglot,,,,
screen_768x768_50.png.txt,parkinglot,,,,
screen_768x768_114.png,parkinglot,732.5852,323.1201,746.7874,274.8067
screen_768x768_114.png,parkinglot,661.6348,340.1017,673.8643,290.6749
screen_768x768_114.png,parkinglot,707.5995,328.8047,722.7185,280.5043
screen_768x768_114.png,parkinglot,684.5157,334.0143,697.6448,285.7258
screen_768x768_104.png.txt,parkinglot,,,,
screen_768x768_142.png.txt,parkinglot,,,,
screen_768x768_152.png.txt,parkinglot,,,,
screen_768x768_224.png,parkinglot,133.9669,3.732099999999946,121.4834,51.81179999999995
screen_768x768_224.png,parkinglot,47.20193,24.536399999999958,34.03606,72.71000000000004
screen_768x768_224.png,parkinglot,67.53168000000001,18.87570000000005,55.41441999999999,67.57309999999995
screen_768x768_224.png,parkinglot,111.4338,9.949100000000044,100.1567,56.8839999999999
screen_768x768_224.png,parkinglot,90.87289,14.379099999999994,76.79814,62.434799999999996
screen_768x768_224.png,parkinglot,23.82481,30.53710000000001,13.40879,77.6404
screen_768x768_234.png.txt,parkinglot,,,,
screen_768x768_16.png.txt,parkinglot,,,,
screen_768x768_74.png,parkinglot,125.8003,578.7662,139.2296,531.034
screen_768x768_74.png,parkinglot,55.519090000000006,595.5437,66.97234,546.7112
screen_768x768_74.png,parkinglot,101.046,584.3824999999999,115.3869,536.663
screen_768x768_74.png,parkinglot,173.1135,568.0642,190.3003,520.3079
screen_768x768_74.png,parkinglot,149.219,573.4828,164.0864,525.2024
screen_768x768_74.png,parkinglot,249.5499,575.9575,296.7595,563.4474
screen_768x768_74.png,parkinglot,194.2614,563.3135,221.2559,522.0513
screen_768x768_74.png,parkinglot,78.17564,589.5294,90.53886,541.8217
screen_768x768_74.png,parkinglot,231.9225,569.536,276.079,545.2378
screen_768x768_74.png,parkinglot,212.882,564.0496,248.8648,529.8946
screen_768x768_64.png,parkinglot,727.1217,595.5437,739.3534,546.7112
screen_768x768_64.png,parkinglot,749.8741,589.5294,762.998,541.8217
screen_768x768_246.png.txt,parkinglot,,,,
screen_768x768_256.png.txt,parkinglot,,,,
screen_768x768_120.png,parkinglot,540.4945,519.3713,527.8892,566.5255
screen_768x768_120.png,parkinglot,327.0179,323.1201,340.7579,274.8067
screen_768x768_120.png,parkinglot,256.2299,340.1017,267.9867,290.6749
screen_768x768_120.png,parkinglot,454.4175,539.47,441.2995,586.9227
screen_768x768_120.png,parkinglot,302.0865,328.8047,316.7435,280.5043
screen_768x768_120.png,parkinglot,474.5962,533.9967,462.4686,581.9089
screen_768x768_120.png,parkinglot,374.6696,312.2878,392.1904,263.9499
screen_768x768_120.png,parkinglot,605.3414,503.4519,593.6265,551.131
screen_768x768_120.png,parkinglot,350.6041,317.7723,365.7939,268.9041
screen_768x768_120.png,parkinglot,624.8278,498.2016,613.889,546.3764
screen_768x768_120.png,parkinglot,451.5316,320.2772,499.0881,307.6149
screen_768x768_120.png,parkinglot,518.1342,525.3875,506.772,571.4762000000001
screen_768x768_120.png,parkinglot,561.9182,514.693,551.0297,561.1052999999999
screen_768x768_120.png,parkinglot,395.9687,307.4793,423.3257,265.7145
screen_768x768_120.png,parkinglot,497.7389,529.6595,483.6429,576.8938
screen_768x768_120.png,parkinglot,584.2299,509.1408,570.4751,556.5536999999999
screen_768x768_120.png,parkinglot,279.0526,334.0143,291.7198,285.7258
screen_768x768_120.png,parkinglot,433.8282,313.7776,478.3699,289.1835
screen_768x768_120.png,parkinglot,409.991,551.0110999999999,397.7674,597.1474000000001
screen_768x768_120.png,parkinglot,387.0887,556.0085,376.6136,602.0907
screen_768x768_120.png,parkinglot,431.225,545.2754,420.8744,591.7349
screen_768x768_120.png,parkinglot,414.6986,308.2244,451.0645,273.6535
screen_768x768_130.png.txt,parkinglot,,,,
screen_768x768_199.png.txt,parkinglot,,,,
screen_768x768_189.png.txt,parkinglot,,,,
screen_768x768_29.png.txt,parkinglot,,,,
screen_768x768_39.png.txt,parkinglot,,,,
screen_768x768_90.png.txt,parkinglot,,,,
screen_768x768_80.png.txt,parkinglot,,,,
screen_768x768_279.png,parkinglot,208.4012,631.8405,240.1192,592.1237
screen_768x768_279.png,parkinglot,166.8132,620.7487,197.43200000000002,582.8188
screen_768x768_279.png,parkinglot,271.1996,643.7275,305.4071,613.7298000000001
screen_768x768_279.png,parkinglot,442.3294,729.94132,484.56199999999995,704.32738
screen_768x768_279.png,parkinglot,466.0412,741.24133,506.3353,714.57664
screen_768x768_279.png,parkinglot,376.7534,696.67033,417.7724,669.08208
screen_768x768_279.png,parkinglot,487.3952,752.53551,529.7043,725.61909
screen_768x768_279.png,parkinglot,230.2532,634.9131,261.459,597.8117
screen_768x768_279.png,parkinglot,251.0278,638.3857,283.8694,603.7656
screen_768x768_279.png,parkinglot,420.9518,718.7016,461.9762,692.40779
screen_768x768_279.png,parkinglot,186.6678,626.028,216.5597,587.9069
screen_768x768_279.png,parkinglot,398.4897,706.85692,439.9139,680.74812
screen_768x768_279.png,parkinglot,509.3394,764.155312,548.8281,735.75163
screen_768x768_301.png.txt,parkinglot,,,,
screen_768x768_269.png.txt,parkinglot,,,,
screen_768x768_311.png.txt,parkinglot,,,,
screen_768x768_327.png,parkinglot,274.9456,376.4592,306.9194,336.2588
screen_768x768_327.png,parkinglot,233.1229,365.2323,263.9877,326.8404
screen_768x768_327.png,parkinglot,338.1061,388.4909,372.5692,358.12800000000004
screen_768x768_327.png,parkinglot,510.1339,475.7526,552.6638,449.8276
screen_768x768_327.png,parkinglot,533.9708,487.1899,574.5522,460.2014
screen_768x768_327.png,parkinglot,444.2146,442.0775,485.5269,414.1539
screen_768x768_327.png,parkinglot,555.4355,498.6212,598.0448,471.378
screen_768x768_327.png,parkinglot,296.9253,379.5692,328.3798,342.01599999999996
screen_768x768_327.png,parkinglot,317.8204,383.084,350.9167,348.0424
screen_768x768_327.png,parkinglot,488.645,464.3764,529.9606,437.7631
screen_768x768_327.png,parkinglot,253.0896,370.57599999999996,283.2235,331.9906
screen_768x768_327.png,parkinglot,466.0661,452.3878,507.7836,425.9618
screen_768x768_327.png,parkinglot,577.4935,510.382,617.2677,481.6335
screen_768x768_337.png.txt,parkinglot,,,,
screen_768x768_139.png.txt,parkinglot,,,,
screen_768x768_129.png,parkinglot,18.9887,498.2016,8.741203,546.3764
screen_768x768_180.png.txt,parkinglot,,,,
screen_768x768_190.png.txt,parkinglot,,,,
screen_768x768_284.png,parkinglot,107.1029,729.94132,149.131,704.32738
screen_768x768_284.png,parkinglot,130.9049,741.24133,170.9861,714.57664
screen_768x768_284.png,parkinglot,41.26133,696.67033,82.06011,669.08208
screen_768x768_284.png,parkinglot,152.349,752.53551,194.4434,725.61909
screen_768x768_284.png,parkinglot,85.6355,718.7016,126.45,692.40779
screen_768x768_284.png,parkinglot,63.078869999999995,706.85692,104.2947,680.74812
screen_768x768_284.png,parkinglot,174.386,764.155312,213.648,735.75163
screen_768x768_294.png.txt,parkinglot,,,,
screen_768x768_5.png.txt,parkinglot,,,,
screen_768x768_106.png.txt,parkinglot,,,,
screen_768x768_116.png,parkinglot,597.3961,323.1201,611.4442,274.8067
screen_768x768_116.png,parkinglot,526.4998,340.1017,538.5717,290.6749
screen_768x768_116.png,parkinglot,723.1866,539.47,709.9954,586.9227
screen_768x768_116.png,parkinglot,572.4284,328.8047,587.3934,280.5043
screen_768x768_116.png,parkinglot,743.4274,533.9967,731.1964,581.9089
screen_768x768_116.png,parkinglot,645.1168,312.2878,662.9459,263.9499
screen_768x768_116.png,parkinglot,621.0164,317.7723,636.5177,268.9041
screen_768x768_116.png,parkinglot,666.4465,307.4793,694.0699,265.7145
screen_768x768_116.png,parkinglot,766.625,529.6595,752.4028,576.8938
screen_768x768_116.png,parkinglot,549.3613,334.0143,562.3364,285.7258
screen_768x768_116.png,parkinglot,704.2659,313.7776,748.9645,289.1835
screen_768x768_116.png,parkinglot,678.6322,551.0110999999999,666.3981,597.1474000000001
screen_768x768_116.png,parkinglot,655.6708,556.0085,645.2128,602.0907
screen_768x768_116.png,parkinglot,699.9298,545.2754,689.5396,591.7349
screen_768x768_116.png,parkinglot,685.1718,308.2244,721.758,273.6535
screen_768x768_52.png.txt,parkinglot,,,,
screen_768x768_42.png.txt,parkinglot,,,,
screen_768x768_260.png.txt,parkinglot,,,,
screen_768x768_318.png.txt,parkinglot,,,,
screen_768x768_270.png.txt,parkinglot,,,,
screen_768x768_308.png.txt,parkinglot,,,,
screen_768x768_202.png.txt,parkinglot,,,,
screen_768x768_212.png.txt,parkinglot,,,,
screen_768x768_30.png.txt,parkinglot,,,,
screen_768x768_20.png.txt,parkinglot,,,,
screen_768x768_164.png,parkinglot,666.7056,64.35339999999997,680.9191,15.448099999999954
screen_768x768_164.png,parkinglot,595.3489,81.54290000000003,607.5753,31.510899999999992
screen_768x768_164.png,parkinglot,641.5763,70.10760000000005,656.712,21.21550000000002
screen_768x768_164.png,parkinglot,714.7356,53.38850000000002,732.7534,4.458300000000008
screen_768x768_164.png,parkinglot,690.4789,58.94010000000003,706.1556,9.473100000000045
screen_768x768_164.png,parkinglot,736.2035,48.52110000000005,764.0648,6.244500000000016
screen_768x768_164.png,parkinglot,618.3599,75.38100000000009,631.4933,26.50109999999995
screen_768x768_164.png,parkinglot,747.9863,295.2989,735.6754,341.7248
screen_768x768_164.png,parkinglot,724.8704,300.3831,714.3535,346.7282
screen_768x768_174.png,parkinglot,203.145,263.1172,190.6907,310.7303
screen_768x768_174.png,parkinglot,116.8451,283.5652,103.74,331.3758
screen_768x768_174.png,parkinglot,137.0677,277.9991,124.99700000000001,326.301
screen_768x768_174.png,parkinglot,34.48965,53.38850000000002,51.72755,4.458300000000008
screen_768x768_174.png,parkinglot,268.1545,246.9253,256.7031,295.1483
screen_768x768_174.png,parkinglot,10.32152,58.94010000000003,25.209570000000003,9.473100000000045
screen_768x768_174.png,parkinglot,287.6686,241.57410000000004,277.0504,290.3359
screen_768x768_174.png,parkinglot,111.8854,61.47569999999996,159.6301,48.658300000000054
screen_768x768_174.png,parkinglot,180.7318,269.2328,169.4852,315.7411
screen_768x768_174.png,parkinglot,224.6268,258.3557,213.928,305.244
screen_768x768_174.png,parkinglot,55.88004,48.52110000000005,83.06726,6.244500000000016
screen_768x768_174.png,parkinglot,160.2815,273.583,146.2593,321.2248
screen_768x768_174.png,parkinglot,246.9949,252.70979999999997,233.4548,300.6371
screen_768x768_174.png,parkinglot,94.02155,54.896600000000035,138.637,30.00109999999995
screen_768x768_174.png,parkinglot,72.31090999999999,295.2989,60.026340000000005,341.7248
screen_768x768_174.png,parkinglot,49.3445,300.3831,38.78405,346.7282
screen_768x768_174.png,parkinglot,93.59300999999999,289.4673,83.22979000000001,336.2465
screen_768x768_174.png,parkinglot,74.7304,49.275300000000016,111.0396,14.2808
screen_768x768_89.png.txt,parkinglot,,,,
screen_768x768_99.png.txt,parkinglot,,,,
screen_768x768_191.png.txt,parkinglot,,,,
screen_768x768_181.png.txt,parkinglot,,,,
screen_768x768_336.png.txt,parkinglot,,,,
screen_768x768_326.png,parkinglot,342.5552,376.4592,374.5932,336.2588
screen_768x768_326.png,parkinglot,300.7505,365.2323,331.6766,326.8404
screen_768x768_326.png,parkinglot,405.6965,388.4909,440.2081,358.12800000000004
screen_768x768_326.png,parkinglot,577.585,475.7526,620.1563,449.8276
screen_768x768_326.png,parkinglot,601.4036,487.1899,642.0282,460.2014
screen_768x768_326.png,parkinglot,511.7195,442.0775,553.0763,414.1539
screen_768x768_326.png,parkinglot,622.8502,498.6212,665.5029,471.378
screen_768x768_326.png,parkinglot,364.5299,379.5692,396.0444,342.01599999999996
screen_768x768_326.png,parkinglot,385.4195,383.084,418.5717,348.0424
screen_768x768_326.png,parkinglot,556.1143,464.3764,597.4724,437.7631
screen_768x768_326.png,parkinglot,320.7086,370.57599999999996,350.9041,331.9906
screen_768x768_326.png,parkinglot,533.5545,452.3878,575.3142,425.9618
screen_768x768_326.png,parkinglot,644.8893,510.382,684.7094,481.6335
screen_768x768_128.png,parkinglot,66.96169,503.4519,55.77782,551.131
screen_768x768_128.png,parkinglot,86.30411,498.2016,75.9798,546.3764
screen_768x768_128.png,parkinglot,23.79117,514.693,13.30829,561.1052999999999
screen_768x768_128.png,parkinglot,45.97753,509.1408,32.69563,556.5536999999999
screen_768x768_138.png.txt,parkinglot,,,,
screen_768x768_4.png.txt,parkinglot,,,,
screen_768x768_295.png.txt,parkinglot,,,,
screen_768x768_285.png,parkinglot,40.05766,729.94132,82.04489000000001,704.32738
screen_768x768_285.png,parkinglot,63.877669999999995,741.24133,103.9164,714.57664
screen_768x768_285.png,parkinglot,85.33985,752.53551,127.3913,725.61909
screen_768x768_285.png,parkinglot,18.5723,718.7016,59.34483,692.40779
screen_768x768_285.png,parkinglot,107.3954,764.155312,146.612,735.75163
screen_768x768_117.png,parkinglot,742.2493,519.3713,729.5088,566.5255
screen_768x768_117.png,parkinglot,529.8015,323.1201,543.7727,274.8067
screen_768x768_117.png,parkinglot,458.9323,340.1017,470.9255,290.6749
screen_768x768_117.png,parkinglot,655.9943,539.47,642.8215,586.9227
screen_768x768_117.png,parkinglot,504.8429,328.8047,519.731,280.5043
screen_768x768_117.png,parkinglot,676.2197,533.9967,664.0145,581.9089
screen_768x768_117.png,parkinglot,577.505,312.2878,595.257,263.9499
screen_768x768_117.png,parkinglot,553.4133,317.7723,568.8368,268.9041
screen_768x768_117.png,parkinglot,654.3289,320.2772,701.9459,307.6149
screen_768x768_117.png,parkinglot,719.8397,525.3875,708.3679,571.4762000000001
screen_768x768_117.png,parkinglot,763.7158,514.693,752.6753,561.1052999999999
screen_768x768_117.png,parkinglot,598.8271,307.4793,626.3839,265.7145
screen_768x768_117.png,parkinglot,699.4035,529.6595,685.2128,576.8938
screen_768x768_117.png,parkinglot,481.7842,334.0143,494.6823,285.7258
screen_768x768_117.png,parkinglot,636.6565,313.7776,681.3159,289.1835
screen_768x768_117.png,parkinglot,611.4719,551.0110999999999,599.2405,597.1474000000001
screen_768x768_117.png,parkinglot,588.5253,556.0085,578.063,602.0907
screen_768x768_117.png,parkinglot,632.7537,545.2754,622.3733,591.7349
screen_768x768_117.png,parkinglot,617.5535,308.2244,654.0847,273.6535
screen_768x768_107.png.txt,parkinglot,,,,
screen_768x768_309.png.txt,parkinglot,,,,
screen_768x768_271.png,parkinglot,704.5706,620.7487,735.6736,582.8188
screen_768x768_271.png,parkinglot,724.3575,626.028,754.7364,587.9069
screen_768x768_319.png.txt,parkinglot,,,,
screen_768x768_261.png.txt,parkinglot,,,,
screen_768x768_43.png.txt,parkinglot,,,,
screen_768x768_53.png.txt,parkinglot,,,,
screen_768x768_98.png.txt,parkinglot,,,,
screen_768x768_88.png.txt,parkinglot,,,,
screen_768x768_21.png.txt,parkinglot,,,,
screen_768x768_31.png.txt,parkinglot,,,,
screen_768x768_213.png,parkinglot,750.2068,36.46640000000002,737.8207,83.18579999999997
screen_768x768_213.png,parkinglot,726.9494,41.63940000000002,716.3685,88.25040000000001
screen_768x768_203.png.txt,parkinglot,,,,
screen_768x768_175.png,parkinglot,135.485,263.1172,123.0763,310.7303
screen_768x768_175.png,parkinglot,49.245090000000005,283.5652,36.15848,331.3758
screen_768x768_175.png,parkinglot,69.45193,277.9991,57.40741,326.301
screen_768x768_175.png,parkinglot,200.4481,246.9253,189.0638,295.1483
screen_768x768_175.png,parkinglot,219.9439,241.57410000000004,209.4035,290.3359
screen_768x768_175.png,parkinglot,43.8736,61.47569999999996,91.59792,48.658300000000054
screen_768x768_175.png,parkinglot,113.0884,269.2328,101.8788,315.7411
screen_768x768_175.png,parkinglot,156.9523,258.3557,146.3048,305.244
screen_768x768_175.png,parkinglot,92.65187,273.583,78.66167,321.2248
screen_768x768_175.png,parkinglot,179.3046,252.70979999999997,165.8243,300.6371
screen_768x768_175.png,parkinglot,25.99931,54.896600000000035,70.575,30.00109999999995
screen_768x768_175.png,parkinglot,26.00926,289.4673,15.656070000000001,336.2465
screen_768x768_175.png,parkinglot,6.699211,49.275300000000016,42.95261,14.2808
screen_768x768_165.png,parkinglot,598.6984,64.35339999999997,612.8340000000001,15.448099999999954
screen_768x768_165.png,parkinglot,527.3691,81.54290000000003,539.5159,31.510899999999992
screen_768x768_165.png,parkinglot,725.2443,283.5652,711.9726,331.3758
screen_768x768_165.png,parkinglot,573.5782,70.10760000000005,588.636,21.21550000000002
screen_768x768_165.png,parkinglot,745.6085,277.9991,733.3024,326.301
screen_768x768_165.png,parkinglot,646.7109,53.38850000000002,664.6507,4.458300000000008
screen_768x768_165.png,parkinglot,622.4631,58.94010000000003,638.0609,9.473100000000045
screen_768x768_165.png,parkinglot,668.171,48.52110000000005,695.965,6.244500000000016
screen_768x768_165.png,parkinglot,550.3702,75.38100000000009,563.4258,26.50109999999995
screen_768x768_165.png,parkinglot,706.221,54.896600000000035,751.1937,30.00109999999995
screen_768x768_165.png,parkinglot,680.4187,295.2989,668.1104,341.7248
screen_768x768_165.png,parkinglot,657.3177,300.3831,646.7965,346.7282
screen_768x768_165.png,parkinglot,701.846,289.4673,691.3925,336.2465
screen_768x768_165.png,parkinglot,687.0105,49.275300000000016,723.8219,14.2808
screen_768x768_153.png.txt,parkinglot,,,,
screen_768x768_143.png.txt,parkinglot,,,,
screen_768x768_17.png.txt,parkinglot,,,,
screen_768x768_235.png.txt,parkinglot,,,,
screen_768x768_225.png,parkinglot,65.89364,3.732099999999946,53.45636,51.81179999999995
screen_768x768_225.png,parkinglot,43.37741,9.949100000000044,32.13773,56.8839999999999
screen_768x768_225.png,parkinglot,22.83044,14.379099999999994,8.788033,62.434799999999996
screen_768x768_188.png.txt,parkinglot,,,,
screen_768x768_198.png.txt,parkinglot,,,,
screen_768x768_257.png.txt,parkinglot,,,,
screen_768x768_247.png.txt,parkinglot,,,,
screen_768x768_65.png,parkinglot,730.4834,578.7662,744.5975,531.034
screen_768x768_65.png,parkinglot,659.9614,595.5437,672.1152,546.7112
screen_768x768_65.png,parkinglot,705.6486,584.3824999999999,720.6742,536.663
screen_768x768_65.png,parkinglot,682.7042,589.5294,695.7521,541.8217
screen_768x768_75.png,parkinglot,58.61334,578.7662,71.96649000000001,531.034
screen_768x768_75.png,parkinglot,33.86799,584.3824999999999,48.1328,536.663
screen_768x768_75.png,parkinglot,105.9095,568.0642,123.0201,520.3079
screen_768x768_75.png,parkinglot,82.02363000000001,573.4828,96.81404,525.2024
screen_768x768_75.png,parkinglot,182.3584,575.9575,229.5482,563.4474
screen_768x768_75.png,parkinglot,127.0499,563.3135,153.9785,522.0513
screen_768x768_75.png,parkinglot,11.00585,589.5294,23.29298,541.8217
screen_768x768_75.png,parkinglot,164.7208,569.536,208.8385,545.2378
screen_768x768_75.png,parkinglot,145.6716,564.0496,181.5999,529.8946
screen_768x768_131.png.txt,parkinglot,,,,
screen_768x768_121.png,parkinglot,473.2429,519.3713,460.6826,566.5255
screen_768x768_121.png,parkinglot,259.4232,323.1201,273.0863,274.8067
screen_768x768_121.png,parkinglot,188.6623,340.1017,200.3404,290.6749
screen_768x768_121.png,parkinglot,387.2251,539.47,374.1254,586.9227
screen_768x768_121.png,parkinglot,234.5009,328.8047,249.0809,280.5043
screen_768x768_121.png,parkinglot,407.3883,533.9967,395.2865,581.9089
screen_768x768_121.png,parkinglot,307.0577,312.2878,324.5015,263.9499
screen_768x768_121.png,parkinglot,538.0438,503.4519,526.3953,551.131
screen_768x768_121.png,parkinglot,283.0009,317.7723,298.1128,268.9041
screen_768x768_121.png,parkinglot,557.5122,498.2016,546.6503,546.3764
screen_768x768_121.png,parkinglot,383.9325,320.2772,431.4687,307.6149
screen_768x768_121.png,parkinglot,450.8989,525.3875,439.5733,571.4762000000001
screen_768x768_121.png,parkinglot,494.6523,514.693,483.8145,561.1052999999999
screen_768x768_121.png,parkinglot,328.3491,307.4793,355.6395,265.7145
screen_768x768_121.png,parkinglot,430.5173,529.6595,416.4528,576.8938
screen_768x768_121.png,parkinglot,516.9482,509.1408,503.2527,556.5536999999999
screen_768x768_121.png,parkinglot,211.4754,334.0143,224.0656,285.7258
screen_768x768_121.png,parkinglot,366.2187,313.7776,410.7212,289.1835
screen_768x768_121.png,parkinglot,342.8307,551.0110999999999,330.6096,597.1474000000001
screen_768x768_121.png,parkinglot,319.9431,556.0085,309.4637,602.0907
screen_768x768_121.png,parkinglot,364.0486,545.2754,353.708,591.7349
screen_768x768_121.png,parkinglot,347.0803,308.2244,383.3909,273.6535
screen_768x768_81.png.txt,parkinglot,,,,
screen_768x768_91.png.txt,parkinglot,,,,
screen_768x768_38.png.txt,parkinglot,,,,
screen_768x768_28.png.txt,parkinglot,,,,
screen_768x768_310.png.txt,parkinglot,,,,
screen_768x768_268.png.txt,parkinglot,,,,
screen_768x768_300.png.txt,parkinglot,,,,
screen_768x768_278.png,parkinglot,275.6033,631.8405,307.3847,592.1237
screen_768x768_278.png,parkinglot,234.0331,620.7487,264.7123,582.8188
screen_768x768_278.png,parkinglot,338.3828,643.7275,372.6382,613.7298000000001
screen_768x768_278.png,parkinglot,509.3749,729.94132,551.6483,704.32738
screen_768x768_278.png,parkinglot,533.0686,741.24133,573.4053,714.57664
screen_768x768_278.png,parkinglot,443.852,696.67033,484.9151,669.08208
screen_768x768_278.png,parkinglot,554.4046,752.53551,596.7567,725.61909
screen_768x768_278.png,parkinglot,297.4504,634.9131,328.7155,597.8117
screen_768x768_278.png,parkinglot,318.2195,638.3857,351.1163,603.7656
screen_768x768_278.png,parkinglot,488.0152,718.7016,529.0816,692.40779
screen_768x768_278.png,parkinglot,253.8792,626.028,283.8319,587.9069
screen_768x768_278.png,parkinglot,465.57199999999995,706.85692,507.0379,680.74812
screen_768x768_278.png,parkinglot,576.3302,764.155312,615.8644,735.75163
screen_768x768_94.png.txt,parkinglot,,,,
screen_768x768_84.png.txt,parkinglot,,,,
screen_768x768_179.png.txt,parkinglot,,,,
screen_768x768_169.png,parkinglot,541.4448,263.1172,528.7623,310.7303
screen_768x768_169.png,parkinglot,326.6701,64.35339999999997,340.4937,15.448099999999954
screen_768x768_169.png,parkinglot,255.4504,81.54290000000003,267.2781,31.510899999999992
screen_768x768_169.png,parkinglot,454.8447,283.5652,441.647,331.3758
screen_768x768_169.png,parkinglot,301.5866,70.10760000000005,316.3326,21.21550000000002
screen_768x768_169.png,parkinglot,475.1459,277.9991,462.9445,326.301
screen_768x768_169.png,parkinglot,374.6126,53.38850000000002,392.2405,4.458300000000008
screen_768x768_169.png,parkinglot,606.6863,246.9253,594.8989,295.1483
screen_768x768_169.png,parkinglot,350.4002,58.94010000000003,365.6826,9.473100000000045
screen_768x768_169.png,parkinglot,626.2915,241.57410000000004,615.2847,290.3359
screen_768x768_169.png,parkinglot,451.9438,61.47569999999996,499.7908,48.658300000000054
screen_768x768_169.png,parkinglot,518.9485,269.2328,507.5169,315.7411
screen_768x768_169.png,parkinglot,562.9988,258.3557,552.0434,305.244
screen_768x768_169.png,parkinglot,396.0417,48.52110000000005,423.566,6.244500000000016
screen_768x768_169.png,parkinglot,498.4292,273.583,484.2474,321.2248
screen_768x768_169.png,parkinglot,585.4462,252.70979999999997,571.6069,300.6371
screen_768x768_169.png,parkinglot,278.4123,75.38100000000009,291.1561,26.50109999999995
screen_768x768_169.png,parkinglot,434.1324,54.896600000000035,478.9463,30.00109999999995
screen_768x768_169.png,parkinglot,410.1487,295.2989,397.8509,341.7248
screen_768x768_169.png,parkinglot,387.1074,300.3831,376.5688,346.7282
screen_768x768_169.png,parkinglot,431.5114,289.4673,421.098,336.2465
screen_768x768_169.png,parkinglot,414.8861,49.275300000000016,451.4742,14.2808
screen_768x768_305.png.txt,parkinglot,,,,
screen_768x768_315.png.txt,parkinglot,,,,
screen_768x768_12.png.txt,parkinglot,,,,
screen_768x768_220.png,parkinglot,406.26,3.732099999999946,393.5919,51.81179999999995
screen_768x768_220.png,parkinglot,319.252,24.536399999999958,306.0112,72.71000000000004
screen_768x768_220.png,parkinglot,339.6455,18.87570000000005,327.4223,67.57309999999995
screen_768x768_220.png,parkinglot,383.6597,9.949100000000044,372.2328,56.8839999999999
screen_768x768_220.png,parkinglot,363.0429,14.379099999999994,348.8388,62.434799999999996
screen_768x768_220.png,parkinglot,274.3486,36.46640000000002,261.9812,83.18579999999997
screen_768x768_220.png,parkinglot,251.1972,41.63940000000002,240.5854,88.25040000000001
screen_768x768_220.png,parkinglot,295.8091,30.53710000000001,285.3525,77.6404
screen_768x768_230.png.txt,parkinglot,,,,
screen_768x768_8.png.txt,parkinglot,,,,
screen_768x768_146.png.txt,parkinglot,,,,
screen_768x768_156.png.txt,parkinglot,,,,
screen_768x768_299.png.txt,parkinglot,,,,
screen_768x768_289.png.txt,parkinglot,,,,
screen_768x768_124.png,parkinglot,271.4881,519.3713,259.0631,566.5255
screen_768x768_124.png,parkinglot,56.6396,323.1201,70.07158000000001,274.8067
screen_768x768_124.png,parkinglot,185.6483,539.47,172.6035,586.9227
screen_768x768_124.png,parkinglot,31.7444,328.8047,46.09339,280.5043
screen_768x768_124.png,parkinglot,205.7648,533.9967,193.7405,581.9089
screen_768x768_124.png,parkinglot,104.2222,312.2878,121.4348,263.9499
screen_768x768_124.png,parkinglot,336.1515,503.4519,324.7021,551.131
screen_768x768_124.png,parkinglot,80.19166,317.7723,95.06978000000001,268.9041
screen_768x768_124.png,parkinglot,355.5659,498.2016,344.9344,546.3764
screen_768x768_124.png,parkinglot,181.1352,320.2772,228.6109,307.6149
screen_768x768_124.png,parkinglot,249.1934,525.3875,237.9774,571.4762000000001
screen_768x768_124.png,parkinglot,292.8547,514.693,282.16900000000004,561.1052999999999
screen_768x768_124.png,parkinglot,125.4907,307.4793,152.5813,265.7145
screen_768x768_124.png,parkinglot,228.8526,529.6595,214.8828,576.8938
screen_768x768_124.png,parkinglot,315.1037,509.1408,301.5854,556.5536999999999
screen_768x768_124.png,parkinglot,8.743881,334.0143,21.103089999999998,285.7258
screen_768x768_124.png,parkinglot,163.3904,313.7776,207.7752,289.1835
screen_768x768_124.png,parkinglot,141.3498,551.0110999999999,129.1366,597.1474000000001
screen_768x768_124.png,parkinglot,118.5066,556.0085,108.0142,602.0907
screen_768x768_124.png,parkinglot,162.52,545.2754,152.209,591.7349
screen_768x768_124.png,parkinglot,144.2254,308.2244,180.3707,273.6535
screen_768x768_134.png.txt,parkinglot,,,,
screen_768x768_242.png.txt,parkinglot,,,,
screen_768x768_252.png.txt,parkinglot,,,,
screen_768x768_70.png,parkinglot,394.5484,578.7662,408.282,531.034
screen_768x768_70.png,parkinglot,324.1602,595.5437,335.9248,546.7112
screen_768x768_70.png,parkinglot,369.7583,584.3824999999999,384.4035,536.663
screen_768x768_70.png,parkinglot,441.9299,568.0642,459.4211,520.3079
screen_768x768_70.png,parkinglot,418.0008,573.4828,433.1761,525.2024
screen_768x768_70.png,parkinglot,518.3159,575.9575,565.6053,563.4474
screen_768x768_70.png,parkinglot,463.1081,563.3135,490.3657,522.0513
screen_768x768_70.png,parkinglot,346.855,589.5294,359.5225,541.8217
screen_768x768_70.png,parkinglot,500.7294,569.536,545.0409,545.2378
screen_768x768_70.png,parkinglot,481.7239,564.0496,517.9245,529.8946
screen_768x768_60.png.txt,parkinglot,,,,
screen_768x768_264.png.txt,parkinglot,,,,
screen_768x768_274.png,parkinglot,544.4109,631.8405,576.4459,592.1237
screen_768x768_274.png,parkinglot,502.9116,620.7487,533.8331,582.8188
screen_768x768_274.png,parkinglot,607.1145,643.7275,641.5615,613.7298000000001
screen_768x768_274.png,parkinglot,712.2456,696.67033,753.4849,669.08208
screen_768x768_274.png,parkinglot,566.2384,634.9131,597.7404,597.8117
screen_768x768_274.png,parkinglot,586.9854,638.3857,620.1033,603.7656
screen_768x768_274.png,parkinglot,522.724,626.028,552.9202,587.9069
screen_768x768_56.png.txt,parkinglot,,,,
screen_768x768_46.png.txt,parkinglot,,,,
screen_768x768_102.png.txt,parkinglot,,,,
screen_768x768_112.png.txt,parkinglot,,,,
screen_768x768_160.png.txt,parkinglot,,,,
screen_768x768_170.png,parkinglot,473.7848,263.1172,461.1479,310.7303
screen_768x768_170.png,parkinglot,258.6629,64.35339999999997,272.4086,15.448099999999954
screen_768x768_170.png,parkinglot,187.4706,81.54290000000003,199.2186,31.510899999999992
screen_768x768_170.png,parkinglot,387.2447,283.5652,374.0656,331.3758
screen_768x768_170.png,parkinglot,233.5886,70.10760000000005,248.2566,21.21550000000002
screen_768x768_170.png,parkinglot,407.5302,277.9991,395.3549,326.301
screen_768x768_170.png,parkinglot,306.58799999999997,53.38850000000002,324.1378,4.458300000000008
screen_768x768_170.png,parkinglot,538.9799,246.9253,527.2597,295.1483
screen_768x768_170.png,parkinglot,282.3844,58.94010000000003,297.5879,9.473100000000045
screen_768x768_170.png,parkinglot,558.5668,241.57410000000004,547.6378,290.3359
screen_768x768_170.png,parkinglot,383.93199999999996,61.47569999999996,431.7586,48.658300000000054
screen_768x768_170.png,parkinglot,451.3051,269.2328,439.9105,315.7411
screen_768x768_170.png,parkinglot,495.3243,258.3557,484.4203,305.244
screen_768x768_170.png,parkinglot,328.0093,48.52110000000005,355.4662,6.244500000000016
screen_768x768_170.png,parkinglot,430.7996,273.583,416.6497,321.2248
screen_768x768_170.png,parkinglot,517.7559,252.70979999999997,503.9764,300.6371
screen_768x768_170.png,parkinglot,210.4227,75.38100000000009,223.0886,26.50109999999995
screen_768x768_170.png,parkinglot,366.1102,54.896600000000035,410.8844,30.00109999999995
screen_768x768_170.png,parkinglot,342.58099999999996,295.2989,330.2859,341.7248
screen_768x768_170.png,parkinglot,319.5548,300.3831,309.0118,346.7282
screen_768x768_170.png,parkinglot,363.9276,289.4673,353.5243,336.2465
screen_768x768_170.png,parkinglot,346.8549,49.275300000000016,383.3872,14.2808
screen_768x768_34.png.txt,parkinglot,,,,
screen_768x768_24.png.txt,parkinglot,,,,
screen_768x768_206.png.txt,parkinglot,,,,
screen_768x768_216.png,parkinglot,678.553,3.732099999999946,665.7002,51.81179999999995
screen_768x768_216.png,parkinglot,591.302,24.536399999999958,577.9862,72.71000000000004
screen_768x768_216.png,parkinglot,611.7592,18.87570000000005,599.4301,67.57309999999995
screen_768x768_216.png,parkinglot,655.8854,9.949100000000044,644.3088,56.8839999999999
screen_768x768_216.png,parkinglot,635.2128,14.379099999999994,620.8794,62.434799999999996
screen_768x768_216.png,parkinglot,546.2675,36.46640000000002,533.8894,83.18579999999997
screen_768x768_216.png,parkinglot,523.0555,41.63940000000002,512.4614,88.25040000000001
screen_768x768_216.png,parkinglot,567.7933,30.53710000000001,557.2959999999999,77.6404
screen_768x768_184.png.txt,parkinglot,,,,
screen_768x768_194.png.txt,parkinglot,,,,
screen_768x768_323.png,parkinglot,545.3842,376.4592,577.6147,336.2588
screen_768x768_323.png,parkinglot,503.6332,365.2323,534.7432,326.8404
screen_768x768_323.png,parkinglot,608.4679,388.4909,643.1249,358.12800000000004
screen_768x768_323.png,parkinglot,714.2342,442.0775,755.7248,414.1539
screen_768x768_323.png,parkinglot,567.3441,379.5692,599.0384,342.01599999999996
screen_768x768_323.png,parkinglot,588.2168,383.084,621.5368,348.0424
screen_768x768_323.png,parkinglot,523.5658,370.57599999999996,553.9462,331.9906
screen_768x768_333.png,parkinglot,105.4268,475.7526,147.7084,449.8276
screen_768x768_333.png,parkinglot,129.3732,487.1899,169.6962,460.2014
screen_768x768_333.png,parkinglot,39.18496,442.0775,80.2297,414.1539
screen_768x768_333.png,parkinglot,150.9475,498.6212,193.2958,471.378
screen_768x768_333.png,parkinglot,83.82893,464.3764,124.8896,437.7631
screen_768x768_333.png,parkinglot,61.13516,452.3878,102.5996,425.9618
screen_768x768_333.png,parkinglot,173.1181,510.382,212.6169,481.6335
screen_768x768_69.png,parkinglot,461.7354,578.7662,475.5451,531.034
screen_768x768_69.png,parkinglot,391.3204,595.5437,403.1628,546.7112
screen_768x768_69.png,parkinglot,436.9363,584.3824999999999,451.6576,536.663
screen_768x768_69.png,parkinglot,509.1339,568.0642,526.7012,520.3079
screen_768x768_69.png,parkinglot,485.1962,573.4828,500.4485,525.2024
screen_768x768_69.png,parkinglot,585.5073,575.9575,632.8167,563.4474
screen_768x768_69.png,parkinglot,530.3197,563.3135,557.6431,522.0513
screen_768x768_69.png,parkinglot,414.0248,589.5294,426.7684,541.8217
screen_768x768_69.png,parkinglot,567.931,569.536,612.2813,545.2378
screen_768x768_69.png,parkinglot,548.9343,564.0496,585.1893,529.8946
screen_768x768_79.png.txt,parkinglot,,,,
screen_768x768_341.png.txt,parkinglot,,,,
screen_768x768_239.png.txt,parkinglot,,,,
screen_768x768_229.png.txt,parkinglot,,,,
screen_768x768_1.png.txt,parkinglot,,,,
screen_768x768_280.png,parkinglot,141.1993,631.8405,172.8539,592.1237
screen_768x768_280.png,parkinglot,99.59363,620.7487,130.1518,582.8188
screen_768x768_280.png,parkinglot,204.0168,643.7275,238.1763,613.7298000000001
screen_768x768_280.png,parkinglot,375.2842,729.94132,417.4758,704.32738
screen_768x768_280.png,parkinglot,399.014,741.24133,439.2655,714.57664
screen_768x768_280.png,parkinglot,309.655,696.67033,350.63,669.08208
screen_768x768_280.png,parkinglot,420.38599999999997,752.53551,462.6522,725.61909
screen_768x768_280.png,parkinglot,163.0562,634.9131,194.2028,597.8117
screen_768x768_280.png,parkinglot,183.8364,638.3857,216.6227,603.7656
screen_768x768_280.png,parkinglot,353.8885,718.7016,394.871,692.40779
screen_768x768_280.png,parkinglot,119.4567,626.028,149.2876,587.9069
screen_768x768_280.png,parkinglot,331.4076,706.85692,372.7901,680.74812
screen_768x768_280.png,parkinglot,442.3487,764.155312,481.7921,735.75163
screen_768x768_290.png.txt,parkinglot,,,,
screen_768x768_47.png.txt,parkinglot,,,,
screen_768x768_57.png.txt,parkinglot,,,,
screen_768x768_275.png,parkinglot,477.2089,631.8405,509.1805,592.1237
screen_768x768_275.png,parkinglot,435.6919,620.7487,466.5528,582.8188
screen_768x768_275.png,parkinglot,539.9315,643.7275,574.3306,613.7298000000001
screen_768x768_275.png,parkinglot,710.5107,729.94132,752.9067,704.32738
screen_768x768_275.png,parkinglot,645.1471,696.67033,686.3424,669.08208
screen_768x768_275.png,parkinglot,499.0413,634.9131,530.4841,597.8117
screen_768x768_275.png,parkinglot,519.7938,638.3857,552.8564,603.7656
screen_768x768_275.png,parkinglot,689.2048,718.7016,730.3972,692.40779
screen_768x768_275.png,parkinglot,455.5127,626.028,485.648,587.9069
screen_768x768_275.png,parkinglot,666.8184,706.85692,708.4093,680.74812
screen_768x768_265.png.txt,parkinglot,,,,
screen_768x768_113.png,parkinglot,729.2023,340.1017,741.5106,290.6749
screen_768x768_113.png,parkinglot,752.0929,334.0143,765.299,285.7258
screen_768x768_103.png.txt,parkinglot,,,,
screen_768x768_171.png,parkinglot,406.1249,263.1172,393.5337,310.7303
screen_768x768_171.png,parkinglot,190.6559,64.35339999999997,204.3236,15.448099999999954
screen_768x768_171.png,parkinglot,119.491,81.54290000000003,131.1592,31.510899999999992
screen_768x768_171.png,parkinglot,319.6448,283.5652,306.4842,331.3758
screen_768x768_171.png,parkinglot,165.5907,70.10760000000005,180.1808,21.21550000000002
screen_768x768_171.png,parkinglot,339.9146,277.9991,327.7655,326.301
screen_768x768_171.png,parkinglot,238.5634,53.38850000000002,256.0353,4.458300000000008
screen_768x768_171.png,parkinglot,471.2735,246.9253,459.6205,295.1483
screen_768x768_171.png,parkinglot,214.3687,58.94010000000003,229.4934,9.473100000000045
screen_768x768_171.png,parkinglot,490.8423,241.57410000000004,479.9909,290.3359
screen_768x768_171.png,parkinglot,315.9204,61.47569999999996,363.7265,48.658300000000054
screen_768x768_171.png,parkinglot,383.6617,269.2328,372.3042,315.7411
screen_768x768_171.png,parkinglot,427.65,258.3557,416.7972,305.244
screen_768x768_171.png,parkinglot,259.9771,48.52110000000005,287.3665,6.244500000000016
screen_768x768_171.png,parkinglot,363.1701,273.583,349.0521,321.2248
screen_768x768_171.png,parkinglot,450.0657,252.70979999999997,436.3461,300.6371
screen_768x768_171.png,parkinglot,142.4333,75.38100000000009,155.0212,26.50109999999995
screen_768x768_171.png,parkinglot,298.08799999999997,54.896600000000035,342.8226,30.00109999999995
screen_768x768_171.png,parkinglot,275.0135,295.2989,262.721,341.7248
screen_768x768_171.png,parkinglot,252.0022,300.3831,241.4549,346.7282
screen_768x768_171.png,parkinglot,296.344,289.4673,285.9507,336.2465
screen_768x768_171.png,parkinglot,278.8238,49.275300000000016,315.3004,14.2808
screen_768x768_161.png.txt,parkinglot,,,,
screen_768x768_217.png,parkinglot,610.4797,3.732099999999946,597.6731,51.81179999999995
screen_768x768_217.png,parkinglot,523.2896,24.536399999999958,509.9925,72.71000000000004
screen_768x768_217.png,parkinglot,543.7308,18.87570000000005,531.4282,67.57309999999995
screen_768x768_217.png,parkinglot,587.8290000000001,9.949100000000044,576.2898,56.8839999999999
screen_768x768_217.png,parkinglot,567.1704,14.379099999999994,552.8693,62.434799999999996
screen_768x768_217.png,parkinglot,478.2878,36.46640000000002,465.9124,83.18579999999997
screen_768x768_217.png,parkinglot,455.091,41.63940000000002,444.4924,88.25040000000001
screen_768x768_217.png,parkinglot,499.7973,30.53710000000001,489.3102,77.6404
screen_768x768_207.png.txt,parkinglot,,,,
screen_768x768_25.png.txt,parkinglot,,,,
screen_768x768_35.png.txt,parkinglot,,,,
screen_768x768_78.png.txt,parkinglot,,,,
screen_768x768_68.png,parkinglot,528.9224,578.7662,542.8083,531.034
screen_768x768_68.png,parkinglot,458.4807,595.5437,470.401,546.7112
screen_768x768_68.png,parkinglot,504.1144,584.3824999999999,518.9118,536.663
screen_768x768_68.png,parkinglot,576.3381,568.0642,593.9815,520.3079
screen_768x768_68.png,parkinglot,552.3917,573.4828,567.7209,525.2024
screen_768x768_68.png,parkinglot,652.6989,575.9575,700.0282,563.4474
screen_768x768_68.png,parkinglot,597.5314,563.3135,624.9205,522.0513
screen_768x768_68.png,parkinglot,481.1948,589.5294,494.0143,541.8217
screen_768x768_68.png,parkinglot,635.1328,569.536,679.5219,545.2378
screen_768x768_68.png,parkinglot,616.1449,564.0496,652.4543,529.8946
screen_768x768_332.png,parkinglot,0.15373989999999998,388.4909,34.37446,358.12800000000004
screen_768x768_332.png,parkinglot,172.8781,475.7526,215.2011,449.8276
screen_768x768_332.png,parkinglot,196.8063,487.1899,237.1724,460.2014
screen_768x768_332.png,parkinglot,106.6901,442.0775,147.7794,414.1539
screen_768x768_332.png,parkinglot,218.3623,498.6212,260.7542,471.378
screen_768x768_332.png,parkinglot,151.2984,464.3764,192.4016,437.7631
screen_768x768_332.png,parkinglot,128.6238,452.3878,170.1304,425.9618
screen_768x768_332.png,parkinglot,240.5142,510.382,280.0589,481.6335
screen_768x768_322.png,parkinglot,612.9938,376.4592,645.2885,336.2588
screen_768x768_322.png,parkinglot,571.2608,365.2323,602.4321,326.8404
screen_768x768_322.png,parkinglot,676.0583,388.4909,710.7638,358.12800000000004
screen_768x768_322.png,parkinglot,634.9487,379.5692,666.703,342.01599999999996
screen_768x768_322.png,parkinglot,655.8159,383.084,689.1918,348.0424
screen_768x768_322.png,parkinglot,591.1848,370.57599999999996,621.6268,331.9906
screen_768x768_195.png.txt,parkinglot,,,,
screen_768x768_185.png.txt,parkinglot,,,,
screen_768x768_291.png.txt,parkinglot,,,,
screen_768x768_281.png,parkinglot,73.99738,631.8405,105.5886,592.1237
screen_768x768_281.png,parkinglot,32.37401,620.7487,62.87164,582.8188
screen_768x768_281.png,parkinglot,136.8339,643.7275,170.9455,613.7298000000001
screen_768x768_281.png,parkinglot,308.2389,729.94132,350.3896,704.32738
screen_768x768_281.png,parkinglot,331.9868,741.24133,372.1957,714.57664
screen_768x768_281.png,parkinglot,242.5567,696.67033,283.4876,669.08208
screen_768x768_281.png,parkinglot,353.3768,752.53551,395.6001,725.61909
screen_768x768_281.png,parkinglot,95.85925999999999,634.9131,126.9466,597.8117
screen_768x768_281.png,parkinglot,116.645,638.3857,149.376,603.7656
screen_768x768_281.png,parkinglot,286.8253,718.7016,327.7658,692.40779
screen_768x768_281.png,parkinglot,52.24553,626.028,82.01559,587.9069
screen_768x768_281.png,parkinglot,264.3254,706.85692,305.6663,680.74812
screen_768x768_281.png,parkinglot,375.3581,764.155312,414.7561,735.75163
screen_768x768_228.png.txt,parkinglot,,,,
screen_768x768_238.png.txt,parkinglot,,,,
screen_768x768_340.png.txt,parkinglot,,,,
screen_768x768_0.png.txt,parkinglot,,,,
screen_768x768_168.png,parkinglot,609.1046,263.1172,596.3766,310.7303
screen_768x768_168.png,parkinglot,394.6772,64.35339999999997,408.5787,15.448099999999954
screen_768x768_168.png,parkinglot,323.4301,81.54290000000003,335.3375,31.510899999999992
screen_768x768_168.png,parkinglot,522.4446,283.5652,509.2284,331.3758
screen_768x768_168.png,parkinglot,369.5845,70.10760000000005,384.4084,21.21550000000002
screen_768x768_168.png,parkinglot,542.7615,277.9991,530.534,326.301
screen_768x768_168.png,parkinglot,442.6371,53.38850000000002,460.343,4.458300000000008
screen_768x768_168.png,parkinglot,674.3926,246.9253,662.5381,295.1483
screen_768x768_168.png,parkinglot,418.4159,58.94010000000003,433.7771,9.473100000000045
screen_768x768_168.png,parkinglot,694.0160000000001,241.57410000000004,682.9314,290.3359
screen_768x768_168.png,parkinglot,519.9554,61.47569999999996,567.8228,48.658300000000054
screen_768x768_168.png,parkinglot,586.5917,269.2328,575.1232,315.7411
screen_768x768_168.png,parkinglot,630.6732,258.3557,619.6664,305.244
screen_768x768_168.png,parkinglot,464.074,48.52110000000005,491.6657,6.244500000000016
screen_768x768_168.png,parkinglot,566.0587,273.583,551.8449,321.2248
screen_768x768_168.png,parkinglot,653.1364,252.70979999999997,639.2373,300.6371
screen_768x768_168.png,parkinglot,346.4018,75.38100000000009,359.2235,26.50109999999995
screen_768x768_168.png,parkinglot,502.1545,54.896600000000035,547.0081,30.00109999999995
screen_768x768_168.png,parkinglot,477.7161,295.2989,465.4157,341.7248
screen_768x768_168.png,parkinglot,454.66,300.3831,444.1257,346.7282
screen_768x768_168.png,parkinglot,499.095,289.4673,488.6716,336.2465
screen_768x768_168.png,parkinglot,482.9171,49.275300000000016,519.5611,14.2808
screen_768x768_178.png,parkinglot,16.770220000000002,241.57410000000004,6.463051,290.3359
screen_768x768_85.png.txt,parkinglot,,,,
screen_768x768_95.png.txt,parkinglot,,,,
screen_768x768_314.png.txt,parkinglot,,,,
screen_768x768_304.png.txt,parkinglot,,,,
screen_768x768_288.png.txt,parkinglot,,,,
screen_768x768_298.png.txt,parkinglot,,,,
screen_768x768_231.png.txt,parkinglot,,,,
screen_768x768_221.png,parkinglot,338.1867,3.732099999999946,325.5647,51.81179999999995
screen_768x768_221.png,parkinglot,251.2395,24.536399999999958,238.0174,72.71000000000004
screen_768x768_221.png,parkinglot,271.6169,18.87570000000005,259.4203,67.57309999999995
screen_768x768_221.png,parkinglot,315.6032,9.949100000000044,304.2137,56.8839999999999
screen_768x768_221.png,parkinglot,295.0004,14.379099999999994,280.8286,62.434799999999996
screen_768x768_221.png,parkinglot,206.3688,36.46640000000002,194.0041,83.18579999999997
screen_768x768_221.png,parkinglot,183.2325,41.63940000000002,172.6163,88.25040000000001
screen_768x768_221.png,parkinglot,227.813,30.53710000000001,217.3665,77.6404
screen_768x768_13.png.txt,parkinglot,,,,
screen_768x768_157.png.txt,parkinglot,,,,
screen_768x768_147.png.txt,parkinglot,,,,
screen_768x768_9.png.txt,parkinglot,,,,
screen_768x768_135.png.txt,parkinglot,,,,
screen_768x768_125.png,parkinglot,204.2366,519.3713,191.8566,566.5255
screen_768x768_125.png,parkinglot,118.4561,539.47,105.4295,586.9227
screen_768x768_125.png,parkinglot,138.55700000000002,533.9967,126.5586,581.9089
screen_768x768_125.png,parkinglot,36.6104,312.2878,53.74601,263.9499
screen_768x768_125.png,parkinglot,268.8541,503.4519,257.4711,551.131
screen_768x768_125.png,parkinglot,12.58862,317.7723,27.38885,268.9041
screen_768x768_125.png,parkinglot,288.2505,498.2016,277.6958,546.3764
screen_768x768_125.png,parkinglot,113.5362,320.2772,160.9917,307.6149
screen_768x768_125.png,parkinglot,181.9583,525.3875,170.7788,571.4762000000001
screen_768x768_125.png,parkinglot,225.5889,514.693,214.9539,561.1052999999999
screen_768x768_125.png,parkinglot,57.871219999999994,307.4793,84.89525,265.7145
screen_768x768_125.png,parkinglot,161.6311,529.6595,147.6929,576.8938
screen_768x768_125.png,parkinglot,247.8222,509.1408,234.363,556.5536999999999
screen_768x768_125.png,parkinglot,95.78101,313.7776,140.1266,289.1835
screen_768x768_125.png,parkinglot,74.18953,551.0110999999999,61.97891,597.1474000000001
screen_768x768_125.png,parkinglot,51.36108,556.0085,40.86443,602.0907
screen_768x768_125.png,parkinglot,95.34375,545.2754,85.04276,591.7349
screen_768x768_125.png,parkinglot,76.60716,308.2244,112.6974,273.6535
screen_768x768_61.png.txt,parkinglot,,,,
screen_768x768_71.png,parkinglot,327.3615,578.7662,341.019,531.034
screen_768x768_71.png,parkinglot,256.9999,595.5437,268.6867,546.7112
screen_768x768_71.png,parkinglot,302.5803,584.3824999999999,317.1494,536.663
screen_768x768_71.png,parkinglot,374.7258,568.0642,392.14099999999996,520.3079
screen_768x768_71.png,parkinglot,350.8054,573.4828,365.9037,525.2024
screen_768x768_71.png,parkinglot,451.1245,575.9575,498.394,563.4474
screen_768x768_71.png,parkinglot,395.8965,563.3135,423.0883,522.0513
screen_768x768_71.png,parkinglot,279.6853,589.5294,292.2767,541.8217
screen_768x768_71.png,parkinglot,433.5277,569.536,477.8004,545.2378
screen_768x768_71.png,parkinglot,414.5135,564.0496,450.6596,529.8946
screen_768x768_253.png.txt,parkinglot,,,,
screen_768x768_243.png.txt,parkinglot,,,,
screen_768x768_37.png.txt,parkinglot,,,,
screen_768x768_27.png.txt,parkinglot,,,,
screen_768x768_205.png.txt,parkinglot,,,,
screen_768x768_215.png,parkinglot,746.6263,3.732099999999946,733.7273,51.81179999999995
screen_768x768_215.png,parkinglot,659.3146,24.536399999999958,645.9801,72.71000000000004
screen_768x768_215.png,parkinglot,679.7877,18.87570000000005,667.4321,67.57309999999995
screen_768x768_215.png,parkinglot,723.942,9.949100000000044,712.3278,56.8839999999999
screen_768x768_215.png,parkinglot,703.2554,14.379099999999994,688.8896,62.434799999999996
screen_768x768_215.png,parkinglot,614.2473,36.46640000000002,601.8666,83.18579999999997
screen_768x768_215.png,parkinglot,591.0202,41.63940000000002,580.4305,88.25040000000001
screen_768x768_215.png,parkinglot,635.7895,30.53710000000001,625.2819999999999,77.6404
screen_768x768_163.png,parkinglot,734.7126,64.35339999999997,749.0041,15.448099999999954
screen_768x768_163.png,parkinglot,663.3285,81.54290000000003,675.6348,31.510899999999992
screen_768x768_163.png,parkinglot,709.5742,70.10760000000005,724.7878,21.21550000000002
screen_768x768_163.png,parkinglot,686.3494,75.38100000000009,699.5607,26.50109999999995
screen_768x768_173.png,parkinglot,270.8049,263.1172,258.305,310.7303
screen_768x768_173.png,parkinglot,54.64167,64.35339999999997,68.15339,15.448099999999954
screen_768x768_173.png,parkinglot,184.4449,283.5652,171.3213,331.3758
screen_768x768_173.png,parkinglot,29.594790000000003,70.10760000000005,44.02899,21.21550000000002
screen_768x768_173.png,parkinglot,204.6833,277.9991,192.5864,326.301
screen_768x768_173.png,parkinglot,102.5142,53.38850000000002,119.8301,4.458300000000008
screen_768x768_173.png,parkinglot,335.8608,246.9253,324.3422,295.1483
screen_768x768_173.png,parkinglot,78.33721,58.94010000000003,93.30414,9.473100000000045
screen_768x768_173.png,parkinglot,355.3931,241.57410000000004,344.6972,290.3359
screen_768x768_173.png,parkinglot,179.89700000000002,61.47569999999996,227.6622,48.658300000000054
screen_768x768_173.png,parkinglot,248.3751,269.2328,237.0915,315.7411
screen_768x768_173.png,parkinglot,292.3011,258.3557,281.551,305.244
screen_768x768_173.png,parkinglot,123.9123,48.52110000000005,151.167,6.244500000000016
screen_768x768_173.png,parkinglot,227.91099999999997,273.583,213.8569,321.2248
screen_768x768_173.png,parkinglot,314.6852,252.70979999999997,301.0852,300.6371
screen_768x768_173.png,parkinglot,6.454216000000001,75.38100000000009,18.88628,26.50109999999995
screen_768x768_173.png,parkinglot,162.0437,54.896600000000035,206.6988,30.00109999999995
screen_768x768_173.png,parkinglot,139.8784,295.2989,127.5912,341.7248
screen_768x768_173.png,parkinglot,116.897,300.3831,106.34100000000001,346.7282
screen_768x768_173.png,parkinglot,161.1766,289.4673,150.8034,336.2465
screen_768x768_173.png,parkinglot,142.7615,49.275300000000016,179.1265,14.2808
screen_768x768_101.png.txt,parkinglot,,,,
screen_768x768_111.png.txt,parkinglot,,,,
screen_768x768_267.png.txt,parkinglot,,,,
screen_768x768_277.png,parkinglot,342.8051,631.8405,374.65,592.1237
screen_768x768_277.png,parkinglot,301.2527,620.7487,331.9925,582.8188
screen_768x768_277.png,parkinglot,405.5657,643.7275,439.869,613.7298000000001
screen_768x768_277.png,parkinglot,576.4202,729.94132,618.7344,704.32738
screen_768x768_277.png,parkinglot,600.0958,741.24133,640.4751,714.57664
screen_768x768_277.png,parkinglot,510.9504,696.67033,552.0575,669.08208
screen_768x768_277.png,parkinglot,621.4138,752.53551,663.8088,725.61909
screen_768x768_277.png,parkinglot,364.6473,634.9131,395.9717,597.8117
screen_768x768_277.png,parkinglot,385.4109,638.3857,418.36300000000006,603.7656
screen_768x768_277.png,parkinglot,555.0784,718.7016,596.1868,692.40779
screen_768x768_277.png,parkinglot,321.0904,626.028,351.1039,587.9069
screen_768x768_277.png,parkinglot,532.6541,706.85692,574.1617,680.74812
screen_768x768_277.png,parkinglot,643.3208,764.155312,682.9003,735.75163
screen_768x768_55.png.txt,parkinglot,,,,
screen_768x768_45.png.txt,parkinglot,,,,
screen_768x768_283.png,parkinglot,2.4680560000000002,643.7275,36.48395,613.7298000000001
screen_768x768_283.png,parkinglot,174.1484,729.94132,216.2174,704.32738
screen_768x768_283.png,parkinglot,197.9323,741.24133,238.0562,714.57664
screen_768x768_283.png,parkinglot,108.3599,696.67033,149.2028,669.08208
screen_768x768_283.png,parkinglot,219.3584,752.53551,261.4958,725.61909
screen_768x768_283.png,parkinglot,152.6989,718.7016,193.5554,692.40779
screen_768x768_283.png,parkinglot,130.1612,706.85692,171.4187,680.74812
screen_768x768_283.png,parkinglot,241.3768,764.155312,280.6842,735.75163
screen_768x768_293.png.txt,parkinglot,,,,
screen_768x768_2.png.txt,parkinglot,,,,
screen_768x768_18.png.txt,parkinglot,,,,
screen_768x768_258.png.txt,parkinglot,,,,
screen_768x768_320.png,parkinglot,706.5161,365.2323,737.8099,326.8404
screen_768x768_320.png,parkinglot,726.423,370.57599999999996,756.9882,331.9906
screen_768x768_248.png.txt,parkinglot,,,,
screen_768x768_330.png,parkinglot,72.11646,376.4592,103.8977,336.2588
screen_768x768_330.png,parkinglot,30.239959999999996,365.2323,60.920880000000004,326.8404
screen_768x768_330.png,parkinglot,135.3346,388.4909,169.6523,358.12800000000004
screen_768x768_330.png,parkinglot,307.7803,475.7526,350.1861,449.8276
screen_768x768_330.png,parkinglot,331.67199999999997,487.1899,372.1243,460.2014
screen_768x768_330.png,parkinglot,241.6998,442.0775,282.8783,414.1539
screen_768x768_330.png,parkinglot,353.1915,498.6212,395.6703,471.378
screen_768x768_330.png,parkinglot,94.11108,379.5692,125.3857,342.01599999999996
screen_768x768_330.png,parkinglot,115.023,383.084,147.9514,348.0424
screen_768x768_330.png,parkinglot,286.237,464.3764,327.4251,437.7631
screen_768x768_330.png,parkinglot,50.232279999999996,370.57599999999996,80.18136,331.9906
screen_768x768_330.png,parkinglot,263.6006,452.3878,305.1916,425.9618
screen_768x768_330.png,parkinglot,375.3058,510.382,414.9423,481.6335
screen_768x768_187.png.txt,parkinglot,,,,
screen_768x768_197.png.txt,parkinglot,,,,
screen_768x768_118.png,parkinglot,674.9976,519.3713,662.3022,566.5255
screen_768x768_118.png,parkinglot,462.2069,323.1201,476.101,274.8067
screen_768x768_118.png,parkinglot,391.3647,340.1017,403.2792,290.6749
screen_768x768_118.png,parkinglot,588.802,539.47,575.6475,586.9227
screen_768x768_118.png,parkinglot,437.2574,328.8047,452.0684,280.5043
screen_768x768_118.png,parkinglot,609.0117,533.9967,596.8325,581.9089
screen_768x768_118.png,parkinglot,509.8932,312.2878,527.5681,263.9499
screen_768x768_118.png,parkinglot,739.9362,503.4519,728.0885,551.131
screen_768x768_118.png,parkinglot,485.8101,317.7723,501.1557,268.9041
screen_768x768_118.png,parkinglot,759.4585,498.2016,748.3662,546.3764
screen_768x768_118.png,parkinglot,586.7297,320.2772,634.3265,307.6149
screen_768x768_118.png,parkinglot,652.6045,525.3875,641.1692,571.4762000000001
screen_768x768_118.png,parkinglot,696.4499,514.693,685.46,561.1052999999999
screen_768x768_118.png,parkinglot,531.2075,307.4793,558.6978,265.7145
screen_768x768_118.png,parkinglot,632.1819,529.6595,618.0228,576.8938
screen_768x768_118.png,parkinglot,718.7928,509.1408,704.9199,556.5536999999999
screen_768x768_118.png,parkinglot,414.2069,334.0143,427.028,285.7258
screen_768x768_118.png,parkinglot,569.047,313.7776,613.6671,289.1835
screen_768x768_118.png,parkinglot,544.3115,551.0110999999999,532.0827,597.1474000000001
screen_768x768_118.png,parkinglot,521.3797,556.0085,510.9131,602.0907
screen_768x768_118.png,parkinglot,565.5773,545.2754,555.2069,591.7349
screen_768x768_118.png,parkinglot,549.9351,308.2244,586.4111,273.6535
screen_768x768_108.png.txt,parkinglot,,,,
screen_768x768_306.png.txt,parkinglot,,,,
screen_768x768_316.png.txt,parkinglot,,,,
screen_768x768_97.png.txt,parkinglot,,,,
screen_768x768_87.png.txt,parkinglot,,,,
screen_768x768_241.png.txt,parkinglot,,,,
screen_768x768_339.png.txt,parkinglot,,,,
screen_768x768_251.png.txt,parkinglot,,,,
screen_768x768_329.png,parkinglot,139.7261,376.4592,171.5715,336.2588
screen_768x768_329.png,parkinglot,97.86754,365.2323,128.6098,326.8404
screen_768x768_329.png,parkinglot,202.925,388.4909,237.2911,358.12800000000004
screen_768x768_329.png,parkinglot,375.2314,475.7526,417.6786,449.8276
screen_768x768_329.png,parkinglot,399.1048,487.1899,439.6002,460.2014
screen_768x768_329.png,parkinglot,309.2047,442.0775,350.4277,414.1539
screen_768x768_329.png,parkinglot,420.6061,498.6212,463.1284,471.378
screen_768x768_329.png,parkinglot,161.7157,379.5692,193.0503,342.01599999999996
screen_768x768_329.png,parkinglot,182.6221,383.084,215.6064,348.0424
screen_768x768_329.png,parkinglot,353.7062,464.3764,394.9368,437.7631
screen_768x768_329.png,parkinglot,117.8513,370.57599999999996,147.862,331.9906
screen_768x768_329.png,parkinglot,331.089,452.3878,372.7222,425.9618
screen_768x768_329.png,parkinglot,442.7017,510.382,482.384,481.6335
screen_768x768_73.png,parkinglot,192.9874,578.7662,206.4927,531.034
screen_768x768_73.png,parkinglot,122.6794,595.5437,134.2105,546.7112
screen_768x768_73.png,parkinglot,168.2242,584.3824999999999,182.6411,536.663
screen_768x768_73.png,parkinglot,240.3177,568.0642,257.5806,520.3079
screen_768x768_73.png,parkinglot,216.4145,573.4828,231.3589,525.2024
screen_768x768_73.png,parkinglot,316.7415,575.9575,363.971,563.4474
screen_768x768_73.png,parkinglot,261.4732,563.3135,288.5334,522.0513
screen_768x768_73.png,parkinglot,145.3456,589.5294,157.7848,541.8217
screen_768x768_73.png,parkinglot,299.1243,569.536,343.3195,545.2378
screen_768x768_73.png,parkinglot,280.0925,564.0496,316.1298,529.8946
screen_768x768_63.png.txt,parkinglot,,,,
screen_768x768_127.png,parkinglot,69.73338000000001,519.3713,57.44353,566.5255
screen_768x768_127.png,parkinglot,134.2592,503.4519,123.0089,551.131
screen_768x768_127.png,parkinglot,153.6196,498.2016,143.2185,546.3764
screen_768x768_127.png,parkinglot,47.4879,525.3875,36.38155,571.4762000000001
screen_768x768_127.png,parkinglot,91.05711,514.693,80.52354,561.1052999999999
screen_768x768_127.png,parkinglot,27.188000000000002,529.6595,13.31291,576.8938
screen_768x768_127.png,parkinglot,113.2591,509.1408,99.91814000000001,556.5536999999999
screen_768x768_137.png.txt,parkinglot,,,,
screen_768x768_145.png.txt,parkinglot,,,,
screen_768x768_155.png.txt,parkinglot,,,,
screen_768x768_11.png.txt,parkinglot,,,,
screen_768x768_223.png,parkinglot,202.0402,3.732099999999946,189.5106,51.81179999999995
screen_768x768_223.png,parkinglot,115.2145,24.536399999999958,102.0299,72.71000000000004
screen_768x768_223.png,parkinglot,135.5602,18.87570000000005,123.4165,67.57309999999995
screen_768x768_223.png,parkinglot,179.4904,9.949100000000044,168.1758,56.8839999999999
screen_768x768_223.png,parkinglot,158.9155,14.379099999999994,144.8084,62.434799999999996
screen_768x768_223.png,parkinglot,70.40945,36.46640000000002,58.050019999999996,83.18579999999997
screen_768x768_223.png,parkinglot,47.30342,41.63940000000002,36.67841,88.25040000000001
screen_768x768_223.png,parkinglot,91.82096,30.53710000000001,81.39478000000001,77.6404
screen_768x768_233.png.txt,parkinglot,,,,
screen_768x768_109.png.txt,parkinglot,,,,
screen_768x768_119.png,parkinglot,607.746,519.3713,595.0957,566.5255
screen_768x768_119.png,parkinglot,394.6124,323.1201,408.4295,274.8067
screen_768x768_119.png,parkinglot,323.7973,340.1017,335.6329,290.6749
screen_768x768_119.png,parkinglot,521.6097,539.47,508.4734,586.9227
screen_768x768_119.png,parkinglot,369.6719,328.8047,384.4059,280.5043
screen_768x768_119.png,parkinglot,541.804,533.9967,529.6505,581.9089
screen_768x768_119.png,parkinglot,442.2814,312.2878,459.8792,263.9499
screen_768x768_119.png,parkinglot,672.6388,503.4519,660.8575,551.131
screen_768x768_119.png,parkinglot,418.2071,317.7723,433.4748,268.9041
screen_768x768_119.png,parkinglot,692.1432,498.2016,681.1276,546.3764
screen_768x768_119.png,parkinglot,519.1306,320.2772,566.7073,307.6149
screen_768x768_119.png,parkinglot,585.3693,525.3875,573.9706,571.4762000000001
screen_768x768_119.png,parkinglot,629.1841,514.693,618.2449,561.1052999999999
screen_768x768_119.png,parkinglot,463.5881,307.4793,491.0117,265.7145
screen_768x768_119.png,parkinglot,564.9604,529.6595,550.8328,576.8938
screen_768x768_119.png,parkinglot,651.5114,509.1408,637.6975,556.5536999999999
screen_768x768_119.png,parkinglot,346.6298,334.0143,359.3739,285.7258
screen_768x768_119.png,parkinglot,501.4376,313.7776,546.0185,289.1835
screen_768x768_119.png,parkinglot,477.1513,551.0110999999999,464.925,597.1474000000001
screen_768x768_119.png,parkinglot,454.2342,556.0085,443.7633,602.0907
screen_768x768_119.png,parkinglot,498.4011,545.2754,488.0406,591.7349
screen_768x768_119.png,parkinglot,482.3169,308.2244,518.7378,273.6535
screen_768x768_317.png.txt,parkinglot,,,,
screen_768x768_307.png.txt,parkinglot,,,,
screen_768x768_86.png.txt,parkinglot,,,,
screen_768x768_96.png.txt,parkinglot,,,,
screen_768x768_62.png.txt,parkinglot,,,,
screen_768x768_72.png,parkinglot,260.1743,578.7662,273.7558,531.034
screen_768x768_72.png,parkinglot,189.8396,595.5437,201.4486,546.7112
screen_768x768_72.png,parkinglot,235.4022,584.3824999999999,249.8952,536.663
screen_768x768_72.png,parkinglot,307.5217,568.0642,324.8607,520.3079
screen_768x768_72.png,parkinglot,283.6099,573.4828,298.6313,525.2024
screen_768x768_72.png,parkinglot,383.9329,575.9575,431.1824,563.4474
screen_768x768_72.png,parkinglot,328.6848,563.3135,355.8108,522.0513
screen_768x768_72.png,parkinglot,212.5154,589.5294,225.0307,541.8217
screen_768x768_72.png,parkinglot,366.3259,569.536,410.5599,545.2378
screen_768x768_72.png,parkinglot,347.30300000000005,564.0496,383.3946,529.8946
screen_768x768_328.png,parkinglot,207.3357,376.4592,239.2453,336.2588
screen_768x768_328.png,parkinglot,165.4951,365.2323,196.2986,326.8404
screen_768x768_328.png,parkinglot,270.5154,388.4909,304.9301,358.12800000000004
screen_768x768_328.png,parkinglot,442.6825,475.7526,485.1711,449.8276
screen_768x768_328.png,parkinglot,466.5377,487.1899,507.0761,460.2014
screen_768x768_328.png,parkinglot,376.7095,442.0775,417.9772,414.1539
screen_768x768_328.png,parkinglot,488.0207,498.6212,530.5864,471.378
screen_768x768_328.png,parkinglot,229.3204,379.5692,260.7149,342.01599999999996
screen_768x768_328.png,parkinglot,250.2211,383.084,283.2615,348.0424
screen_768x768_328.png,parkinglot,421.1755,464.3764,462.4486,437.7631
screen_768x768_328.png,parkinglot,185.4703,370.57599999999996,215.5426,331.9906
screen_768x768_328.png,parkinglot,398.5775,452.3878,440.2527,425.9618
screen_768x768_328.png,parkinglot,510.0974,510.382,549.8257,481.6335
screen_768x768_250.png.txt,parkinglot,,,,
screen_768x768_338.png.txt,parkinglot,,,,
screen_768x768_240.png.txt,parkinglot,,,,
screen_768x768_136.png.txt,parkinglot,,,,
screen_768x768_126.png,parkinglot,136.9849,519.3713,124.65,566.5255
screen_768x768_126.png,parkinglot,51.263690000000004,539.47,38.25542,586.9227
screen_768x768_126.png,parkinglot,71.34913,533.9967,59.3765,581.9089
screen_768x768_126.png,parkinglot,201.5566,503.4519,190.24,551.131
screen_768x768_126.png,parkinglot,220.935,498.2016,210.4571,546.3764
screen_768x768_126.png,parkinglot,45.93704,320.2772,93.37234000000001,307.6149
screen_768x768_126.png,parkinglot,114.723,525.3875,103.5801,571.4762000000001
screen_768x768_126.png,parkinglot,158.3229,514.693,147.7386,561.1052999999999
screen_768x768_126.png,parkinglot,94.40952,529.6595,80.50285,576.8938
screen_768x768_126.png,parkinglot,180.5406,509.1408,167.1405,556.5536999999999
screen_768x768_126.png,parkinglot,28.171490000000002,313.7776,72.47784,289.1835
screen_768x768_126.png,parkinglot,28.16743,545.2754,17.876360000000002,591.7349
screen_768x768_126.png,parkinglot,8.988808,308.2244,45.02387,273.6535
screen_768x768_154.png.txt,parkinglot,,,,
screen_768x768_144.png.txt,parkinglot,,,,
screen_768x768_232.png.txt,parkinglot,,,,
screen_768x768_222.png,parkinglot,270.1134,3.732099999999946,257.5376,51.81179999999995
screen_768x768_222.png,parkinglot,183.227,24.536399999999958,170.0236,72.71000000000004
screen_768x768_222.png,parkinglot,203.5886,18.87570000000005,191.4184,67.57309999999995
screen_768x768_222.png,parkinglot,247.5468,9.949100000000044,236.1947,56.8839999999999
screen_768x768_222.png,parkinglot,226.9579,14.379099999999994,212.8185,62.434799999999996
screen_768x768_222.png,parkinglot,138.3891,36.46640000000002,126.027,83.18579999999997
screen_768x768_222.png,parkinglot,115.26799999999999,41.63940000000002,104.6474,88.25040000000001
screen_768x768_222.png,parkinglot,159.817,30.53710000000001,149.3806,77.6404
screen_768x768_10.png.txt,parkinglot,,,,
screen_768x768_214.png,parkinglot,727.327,24.536399999999958,713.9738,72.71000000000004
screen_768x768_214.png,parkinglot,747.816,18.87570000000005,735.4341,67.57309999999995
screen_768x768_214.png,parkinglot,682.2271,36.46640000000002,669.8436,83.18579999999997
screen_768x768_214.png,parkinglot,658.9847,41.63940000000002,648.3994,88.25040000000001
screen_768x768_214.png,parkinglot,703.7855,30.53710000000001,693.2679,77.6404
screen_768x768_204.png.txt,parkinglot,,,,
screen_768x768_26.png.txt,parkinglot,,,,
screen_768x768_36.png.txt,parkinglot,,,,
screen_768x768_172.png,parkinglot,338.4648,263.1172,325.9193,310.7303
screen_768x768_172.png,parkinglot,122.6487,64.35339999999997,136.2384,15.448099999999954
screen_768x768_172.png,parkinglot,51.51121,81.54290000000003,63.09966,31.510899999999992
screen_768x768_172.png,parkinglot,252.0448,283.5652,238.9027,331.3758
screen_768x768_172.png,parkinglot,97.5927,70.10760000000005,112.1048,21.21550000000002
screen_768x768_172.png,parkinglot,272.2989,277.9991,260.1759,326.301
screen_768x768_172.png,parkinglot,170.5387,53.38850000000002,187.9326,4.458300000000008
screen_768x768_172.png,parkinglot,403.5671,246.9253,391.9813,295.1483
screen_768x768_172.png,parkinglot,146.3529,58.94010000000003,161.3987,9.473100000000045
screen_768x768_172.png,parkinglot,423.1176,241.57410000000004,412.3441,290.3359
screen_768x768_172.png,parkinglot,247.9086,61.47569999999996,295.6943,48.658300000000054
screen_768x768_172.png,parkinglot,316.0183,269.2328,304.6978,315.7411
screen_768x768_172.png,parkinglot,359.9755,258.3557,349.1741,305.244
screen_768x768_172.png,parkinglot,191.9446,48.52110000000005,219.2667,6.244500000000016
screen_768x768_172.png,parkinglot,295.5405,273.583,281.4544,321.2248
screen_768x768_172.png,parkinglot,382.3754,252.70979999999997,368.7155,300.6371
screen_768x768_172.png,parkinglot,74.44368,75.38100000000009,86.95365,26.50109999999995
screen_768x768_172.png,parkinglot,230.0658,54.896600000000035,274.7606,30.00109999999995
screen_768x768_172.png,parkinglot,207.4459,295.2989,195.1561,341.7248
screen_768x768_172.png,parkinglot,184.4496,300.3831,173.8979,346.7282
screen_768x768_172.png,parkinglot,228.7603,289.4673,218.377,336.2465
screen_768x768_172.png,parkinglot,210.7926,49.275300000000016,247.2133,14.2808
screen_768x768_162.png,parkinglot,731.3082,81.54290000000003,743.6943,31.510899999999992
screen_768x768_162.png,parkinglot,754.3389,75.38100000000009,767.6282,26.50109999999995
screen_768x768_110.png.txt,parkinglot,,,,
screen_768x768_100.png.txt,parkinglot,,,,
screen_768x768_44.png.txt,parkinglot,,,,
screen_768x768_54.png.txt,parkinglot,,,,
screen_768x768_276.png,parkinglot,410.00699999999995,631.8405,441.9153,592.1237
screen_768x768_276.png,parkinglot,368.4723,620.7487,399.2726,582.8188
screen_768x768_276.png,parkinglot,472.7486,643.7275,507.0997,613.7298000000001
screen_768x768_276.png,parkinglot,643.4655,729.94132,685.8206,704.32738
screen_768x768_276.png,parkinglot,667.123,741.24133,707.5449,714.57664
screen_768x768_276.png,parkinglot,578.0488,696.67033,619.2,669.08208
screen_768x768_276.png,parkinglot,688.4229,752.53551,730.8610000000001,725.61909
screen_768x768_276.png,parkinglot,431.8443,634.9131,463.2279,597.8117
screen_768x768_276.png,parkinglot,452.6024,638.3857,485.6097,603.7656
screen_768x768_276.png,parkinglot,622.1417,718.7016,663.2919999999999,692.40779
screen_768x768_276.png,parkinglot,388.3016,626.028,418.376,587.9069
screen_768x768_276.png,parkinglot,599.7362,706.85692,641.2855,680.74812
screen_768x768_276.png,parkinglot,710.3114,764.155312,749.9363,735.75163
screen_768x768_266.png.txt,parkinglot,,,,
screen_768x768_3.png.txt,parkinglot,,,,
screen_768x768_19.png.txt,parkinglot,,,,
screen_768x768_292.png.txt,parkinglot,,,,
screen_768x768_282.png,parkinglot,6.795502000000001,631.8405,38.32329,592.1237
screen_768x768_282.png,parkinglot,69.65096,643.7275,103.7147,613.7298000000001
screen_768x768_282.png,parkinglot,241.1937,729.94132,283.3035,704.32738
screen_768x768_282.png,parkinglot,264.9596,741.24133,305.1259,714.57664
screen_768x768_282.png,parkinglot,175.4583,696.67033,216.3452,669.08208
screen_768x768_282.png,parkinglot,286.3676,752.53551,328.5479,725.61909
screen_768x768_282.png,parkinglot,28.66228,634.9131,59.69039,597.8117
screen_768x768_282.png,parkinglot,49.453509999999994,638.3857,82.12928000000001,603.7656
screen_768x768_282.png,parkinglot,219.7621,718.7016,260.6606,692.40779
screen_768x768_282.png,parkinglot,197.2433,706.85692,238.5425,680.74812
screen_768x768_282.png,parkinglot,308.3675,764.155312,347.7202,735.75163
screen_768x768_196.png.txt,parkinglot,,,,
screen_768x768_186.png.txt,parkinglot,,,,
screen_768x768_331.png,parkinglot,4.5068209999999995,376.4592,36.22392,336.2588
screen_768x768_331.png,parkinglot,67.74417,388.4909,102.0133,358.12800000000004
screen_768x768_331.png,parkinglot,240.3292,475.7526,282.6936,449.8276
screen_768x768_331.png,parkinglot,264.2392,487.1899,304.6483,460.2014
screen_768x768_331.png,parkinglot,174.1949,442.0775,215.3288,414.1539
screen_768x768_331.png,parkinglot,285.7769,498.6212,328.2122,471.378
screen_768x768_331.png,parkinglot,26.506420000000002,379.5692,57.721019999999996,342.01599999999996
screen_768x768_331.png,parkinglot,47.423970000000004,383.084,80.29644,348.0424
screen_768x768_331.png,parkinglot,218.7677,464.3764,259.9133,437.7631
screen_768x768_331.png,parkinglot,196.1122,452.3878,237.66099999999997,425.9618
screen_768x768_331.png,parkinglot,307.91,510.382,347.5006,481.6335
screen_768x768_249.png.txt,parkinglot,,,,
screen_768x768_321.png,parkinglot,680.6036,376.4592,712.9624,336.2588
screen_768x768_321.png,parkinglot,638.8885,365.2323,670.1211,326.8404
screen_768x768_321.png,parkinglot,702.5535,379.5692,734.3677,342.01599999999996
screen_768x768_321.png,parkinglot,723.415,383.084,756.8469,348.0424
screen_768x768_321.png,parkinglot,658.804,370.57599999999996,689.3076,331.9906
screen_768x768_259.png.txt,parkinglot,,,,
